지역, 학교명, 1학년 학급수, 1학년 학생수, 2학년 학급수, 2학년 학생수, 3학년 학급수, 3학년 학생수
서울특별시 강남구,국립국악고등학교,5,150,5,149,5,143
서울특별시 성북구,서울대학교사범대학부설고등학교,8,239,8,228,8,270
서울특별시 금천구,국립전통예술고등학교,6,182,6,174,6,169
서울특별시 송파구,가락고등학교,11,282,11,262,11,288
서울특별시 강동구,강동고등학교,8,210,8,183,8,221
서울특별시 양천구,강서고등학교,12,342,12,301,12,328
서울특별시 강남구,개포고등학교,10,199,10,194,10,250
서울특별시 광진구,건국대학교사범대학부속고등학교,12,359,12,335,12,380
서울특별시 강남구,경기고등학교,14,382,14,386,14,426
서울특별시 강남구,경기여자고등학교,13,371,13,339,14,413
서울특별시 성북구,경동고등학교,7,171,8,151,8,183
서울특별시 동작구,경문고등학교,8,173,8,186,8,229
서울특별시 종로구,경복고등학교,11,237,11,261,11,321
서울특별시 강서구,경복여자고등학교,8,237,8,229,8,252
서울특별시 마포구,경성고등학교,8,229,8,218,8,241
서울특별시 종로구,경신고등학교,9,183,9,206,9,256
서울특별시 구로구,경인고등학교,13,363,13,360,13,427
서울특별시 동대문구,경희고등학교,8,258,8,250,8,244
서울특별시 동대문구,경희여자고등학교,7,161,8,152,8,187
서울특별시 성북구,계성고등학교,10,291,10,282,10,325
서울특별시 성북구,고려대학교사범대학부속고등학교,9,259,9,231,9,284
서울특별시 구로구,고척고등학교,9,247,9,250,9,296
서울특별시 강서구,공항고등학교,8,196,8,170,8,167
서울특별시 영등포구,관악고등학교,9,242,9,208,9,234
서울특별시 광진구,광남고등학교,14,378,14,347,15,407
서울특별시 강동구,광문고등학교,13,354,13,340,13,374
서울특별시 마포구,광성고등학교,9,261,9,211,9,248
서울특별시 관악구,광신고등학교,9,183,9,191,9,218
서울특별시 광진구,광양고등학교,8,175,8,160,8,190
서울특별시 양천구,광영고등학교,13,273,13,284,13,301
서울특별시 양천구,광영여자고등학교,13,329,13,321,13,342
서울특별시 구로구,구로고등학교,11,300,11,275,11,309
서울특별시 구로구,구일고등학교,10,273,10,242,10,281
서울특별시 강남구,압구정고등학교,10,207,10,194,10,228
서울특별시 양천구,금옥여자고등학교,9,223,9,217,10,248
서울특별시 금천구,금천고등학교,10,236,10,233,10,259
서울특별시 관악구,남강고등학교,10,226,11,248,11,270
서울특별시 노원구,노원고등학교,9,196,9,187,9,205
서울특별시 강남구,단국대학교사범대학부속고등학교,13,378,13,346,13,379
서울특별시 관악구,당곡고등학교,9,255,10,260,10,259
서울특별시 동대문구,대광고등학교,9,320,10,320,10,317
서울특별시 은평구,대성고등학교,10,292,10,260,10,323
서울특별시 종로구,대신고등학교,9,208,9,224,9,241
서울특별시 영등포구,대영고등학교,9,241,9,208,9,248
서울특별시 광진구,대원고등학교,10,278,10,235,10,301
서울특별시 광진구,대원여자고등학교,9,239,9,226,10,244
서울특별시 강서구,대일고등학교,14,358,14,355,14,402
서울특별시 노원구,대진고등학교,13,369,13,342,13,388
서울특별시 노원구,대진여자고등학교,13,349,13,324,13,376
서울특별시 강남구,대진디자인고등학교,9,235,9,203,9,224
서울특별시 종로구,덕성여자고등학교,9,231,9,200,9,259
서울특별시 강서구,덕원여자고등학교,14,401,14,365,14,421
서울특별시 금천구,독산고등학교,8,183,8,188,8,215
서울특별시 동대문구,동국대학교사범대학부속고등학교,11,306,11,294,11,349
서울특별시 서초구,동덕여자고등학교,13,338,13,291,13,367
서울특별시 은평구,동명여자고등학교,12,354,12,335,12,393
서울특별시 강동구,동북고등학교,14,356,14,352,15,412
서울특별시 종로구,동성고등학교,9,257,11,290,11,310
서울특별시 금천구,동일여자고등학교,10,201,11,209,11,254
서울특별시 금천구,동일여자상업고등학교,12,290,12,273,12,247
서울특별시 동작구,동작고등학교,9,244,9,218,9,239
서울특별시 강동구,둔촌고등학교,10,247,10,214,10,259
서울특별시 강서구,마포고등학교,10,304,10,292,10,308
서울특별시 중랑구,면목고등학교,9,192,9,191,9,231
서울특별시 강서구,명덕고등학교,11,294,11,249,11,285
서울특별시 강서구,명덕여자고등학교,14,405,14,363,14,428
서울특별시 광진구,동국대학교사범대학부속여자고등학교,10,215,10,211,10,245
서울특별시 강동구,명일여자고등학교,9,172,9,168,9,187
서울특별시 서대문구,명지고등학교,15,447,15,457,15,510
서울특별시 성동구,무학여자고등학교,10,203,10,240,10,242
서울특별시 관악구,서울문영여자고등학교,9,229,9,198,9,215
서울특별시 금천구,문일고등학교,12,282,12,320,12,340
서울특별시 관악구,미림여자고등학교,8,158,8,169,8,192
서울특별시 서초구,반포고등학교,10,298,10,272,10,295
서울특별시 송파구,배명고등학교,11,304,11,288,11,301
서울특별시 용산구,배문고등학교,7,131,8,107,8,152
서울특별시 강동구,배재고등학교,13,424,13,454,13,429
서울특별시 종로구,배화여자고등학교,9,222,9,193,9,255
서울특별시 양천구,백암고등학교,12,325,12,320,12,366
서울특별시 송파구,보성고등학교,11,318,11,304,11,355
서울특별시 용산구,보성여자고등학교,7,167,7,173,7,206
서울특별시 관악구,삼성고등학교,6,130,7,143,7,163
서울특별시 노원구,상계고등학교,11,279,11,266,12,315
서울특별시 종로구,상명대학교사범대학부속여자고등학교,7,157,7,121,8,150
서울특별시 노원구,상명고등학교,11,299,11,277,11,320
서울특별시 서초구,상문고등학교,14,411,14,380,14,421
서울특별시 강동구,상일여자고등학교,12,185,12,161,12,241
서울특별시 노원구,서라벌고등학교,14,388,14,366,15,467
서울특별시 서초구,서문여자고등학교,13,315,13,279,13,372
서울특별시 서초구,서울고등학교,14,438,14,422,14,477
서울특별시 관악구,서울미술고등학교,5,199,5,195,5,197
서울특별시 강남구,서울세종고등학교,9,204,9,171,9,221
서울특별시 마포구,서울여자고등학교,10,298,10,233,10,294
서울특별시 송파구,서울체육고등학교,4,140,4,132,4,136
서울특별시 서초구,서초고등학교,11,285,11,288,11,319
서울특별시 성북구,석관고등학교,9,241,9,207,9,269
서울특별시 도봉구,선덕고등학교,11,376,11,378,12,412
서울특별시 은평구,선일여자고등학교,10,259,11,232,11,247
서울특별시 은평구,선정고등학교,13,394,13,367,13,410
서울특별시 동작구,성남고등학교,12,353,12,328,12,369
서울특별시 중구,성동고등학교,8,168,8,143,8,154
서울특별시 관악구,성보고등학교,9,238,9,221,9,275
서울특별시 성북구,성신여자고등학교,10,251,10,251,10,313
서울특별시 용산구,성심여자고등학교,8,189,8,161,8,236
서울특별시 서초구,세화고등학교,12,346,12,389,12,389
서울특별시 서초구,세화여자고등학교,12,338,12,386,12,390
서울특별시 중랑구,송곡고등학교,10,231,10,228,10,247
서울특별시 중랑구,송곡여자고등학교,10,247,10,235,10,250
서울특별시 동작구,수도여자고등학교,10,286,10,298,10,318
서울특별시 노원구,수락고등학교,9,186,9,187,9,228
서울특별시 강남구,숙명여자고등학교,14,384,14,389,15,466
서울특별시 마포구,숭문고등학교,8,208,8,178,8,239
서울특별시 은평구,숭실고등학교,12,357,12,339,12,389
서울특별시 동작구,숭의여자고등학교,9,275,9,272,9,290
서울특별시 용산구,신광여자고등학교,5,96,5,102,6,112
서울특별시 관악구,신림고등학교,7,167,7,172,7,179
서울특별시 양천구,신목고등학교,13,371,13,368,14,432
서울특별시 강북구,신일고등학교,11,351,11,327,11,355
서울특별시 서초구,양재고등학교,11,287,11,285,11,297
서울특별시 양천구,양정고등학교,12,346,12,381,12,400
서울특별시 양천구,양천고등학교,11,311,11,311,11,352
서울특별시 양천구,목동고등학교,15,393,15,320,15,388
서울특별시 서초구,언남고등학교,10,196,10,184,10,207
서울특별시 영등포구,여의도고등학교,10,246,10,245,10,283
서울특별시 영등포구,여의도여자고등학교,9,207,9,217,9,259
서울특별시 노원구,염광고등학교,10,255,10,241,10,286
서울특별시 강남구,영동고등학교,13,300,13,256,13,327
서울특별시 송파구,영동일고등학교,12,340,12,326,12,367
서울특별시 동작구,영등포고등학교,8,188,8,178,8,198
서울특별시 영등포구,영등포여자고등학교,8,147,8,160,8,190
서울특별시 관악구,영락고등학교,7,150,7,151,7,150
서울특별시 양천구,서울영상고등학교,6,157,6,148,6,152
서울특별시 영등포구,영신고등학교,9,201,9,190,9,227
서울특별시 노원구,영신여자고등학교,12,308,12,262,12,293
서울특별시 강서구,영일고등학교,12,296,12,295,12,392
서울특별시 송파구,영파여자고등학교,12,292,13,279,13,320
서울특별시 강북구,영훈고등학교,12,349,12,338,12,384
서울특별시 은평구,예일여자고등학교,12,324,12,334,12,333
서울특별시 송파구,오금고등학교,11,318,11,305,11,353
서울특별시 구로구,오류고등학교,8,157,8,129,8,113
서울특별시 용산구,오산고등학교,8,174,8,176,8,218
서울특별시 성북구,용문고등학교,11,323,11,290,11,345
서울특별시 용산구,용산고등학교,13,350,13,358,14,371
서울특별시 노원구,용화여자고등학교,13,276,13,299,13,341
서울특별시 구로구,우신고등학교,9,222,9,237,9,279
서울특별시 강남구,은광여자고등학교,10,253,10,249,10,252
서울특별시 은평구,은평메디텍고등학교,8,177,7,133,8,167
서울특별시 중구,이화여자고등학교,12,389,12,410,12,427
서울특별시 서대문구,이화여자대학교사범대학부속이화금란고등학교,12,363,12,369,12,400
서울특별시 서대문구,인창고등학교,8,224,8,215,8,218
서울특별시 관악구,인헌고등학교,8,178,8,166,8,192
서울특별시 광진구,자양고등학교,11,281,11,249,11,285
서울특별시 송파구,잠신고등학교,11,231,11,228,11,262
서울특별시 송파구,잠실고등학교,10,211,10,192,10,238
서울특별시 송파구,잠실여자고등학교,13,338,13,278,13,322
서울특별시 중구,장충고등학교,6,136,7,129,7,129
서울특별시 영등포구,장훈고등학교,11,322,11,305,12,306
서울특별시 노원구,재현고등학교,12,336,12,313,12,373
서울특별시 송파구,정신여자고등학교,12,365,12,322,12,392
서울특별시 도봉구,정의여자고등학교,12,266,12,260,12,349
서울특별시 용산구,중경고등학교,7,143,7,143,7,154
서울특별시 강남구,중동고등학교,12,367,12,398,12,399
서울특별시 강남구,중산고등학교,12,329,12,229,12,322
서울특별시 종로구,중앙고등학교,10,312,10,334,10,329
서울특별시 강남구,중앙대학교사범대학부속고등학교,12,337,12,319,12,352
서울특별시 서대문구,중앙여자고등학교,7,171,8,161,8,229
서울특별시 중랑구,중화고등학교,8,192,8,175,8,209
서울특별시 양천구,진명여자고등학교,15,435,15,445,15,508
서울특별시 강남구,진선여자고등학교,11,314,11,299,11,366
서울특별시 송파구,창덕여자고등학교,10,158,11,147,12,228
서울특별시 도봉구,창동고등학교,13,360,13,351,14,398
서울특별시 강북구,창문여자고등학교,12,343,12,292,12,333
서울특별시 강남구,청담고등학교,10,190,10,171,10,227
서울특별시 동대문구,청량고등학교,11,263,11,260,11,307
서울특별시 노원구,청원고등학교,15,403,15,417,15,476
서울특별시 노원구,청원여자고등학교,13,334,13,339,13,391
서울특별시 은평구,충암고등학교,13,380,13,337,13,353
서울특별시 중랑구,태릉고등학교,9,237,9,230,9,262
서울특별시 강남구,풍문고등학교,12,296,12,251,12,273
서울특별시 양천구,한가람고등학교,8,249,8,283,8,281
서울특별시 영등포구,한강미디어고등학교,8,209,8,197,8,199
서울특별시 강서구,한광고등학교,4,40,4,66,5,114
서울특별시 노원구,한국삼육고등학교,6,164,6,169,6,161
서울특별시 강서구,한서고등학교,9,219,9,210,9,239
서울특별시 서대문구,한성고등학교,8,180,9,171,9,221
서울특별시 성북구,한성여자고등학교,9,247,9,232,9,278
서울특별시 성동구,한양대학교사범대학부속고등학교,11,329,12,396,12,404
서울특별시 강동구,한영고등학교,14,405,14,397,14,432
서울특별시 강남구,현대고등학교,12,347,12,394,12,404
서울특별시 노원구,혜성여자고등학교,12,335,12,323,12,384
서울특별시 중랑구,혜원여자고등학교,10,226,10,221,10,248
서울특별시 강북구,혜화여자고등학교,9,230,9,196,9,240
서울특별시 성북구,홍익대학교사범대학부속고등학교,6,127,6,95,7,109
서울특별시 마포구,홍익대학교사범대학부속여자고등학교,8,236,8,242,8,274
서울특별시 강서구,화곡고등학교,10,277,10,278,10,283
서울특별시 중구,환일고등학교,10,244,10,242,10,276
서울특별시 동대문구,휘경여자고등학교,11,285,11,273,11,293
서울특별시 강남구,휘문고등학교,14,407,14,454,14,458
서울특별시 종로구,서울과학고등학교,8,128,8,125,8,123
서울특별시 서대문구,한성과학고등학교,7,138,7,143,6,98
서울특별시 광진구,대원외국어고등학교,10,252,10,249,10,274
서울특별시 성북구,대일외국어고등학교,10,244,10,254,10,253
서울특별시 강서구,명덕외국어고등학교,10,239,10,242,10,249
서울특별시 도봉구,서울외국어고등학교,10,220,10,221,10,207
서울특별시 중구,이화여자외국어고등학교,6,136,6,139,6,128
서울특별시 강동구,한영외국어고등학교,10,222,10,224,10,216
서울특별시 강남구,서울로봇고등학교,8,159,8,151,8,150
서울특별시 강서구,강서공업고등학교,8,205,8,191,8,190
서울특별시 노원구,경기기계공업고등학교,17,425,17,330,17,395
서울특별시 노원구,광운전자공업고등학교,10,234,10,218,10,258
서울특별시 강남구,단국공업고등학교,5,78,5,72,5,86
서울특별시 구로구,덕일전자공업고등학교,4,92,4,83,4,103
서울특별시 마포구,서울디자인고등학교,13,338,11,250,10,249
서울특별시 강서구,동양고등학교,7,146,8,156,8,181
서울특별시 성동구,서울방송고등학교,7,182,7,175,7,167
서울특별시 강동구,상일미디어고등학교,11,289,11,275,10,250
서울특별시 노원구,미래산업과학고등학교,8,208,8,185,8,198
서울특별시 동작구,서울공업고등학교,19,497,19,469,19,480
서울특별시 용산구,서울디지텍고등학교,4,104,4,87,3,71
서울특별시 용산구,서울디지텍고등학교,0,0,1,19,3,77
서울특별시 성북구,서울도시과학기술고등학교,7,140,7,134,7,130
서울특별시 중구,성동공업고등학교,12,311,12,285,11,272
서울특별시 성동구,성수공업고등학교,6,80,8,133,9,159
서울특별시 송파구,송파공업고등학교,8,189,8,163,8,178
서울특별시 강남구,수도전기공업고등학교,10,201,10,197,10,196
서울특별시 은평구,신진과학기술고등학교,8,197,8,188,8,199
서울특별시 강서구,영등포공업고등학교,5,108,6,134,8,158
서울특별시 용산구,용산공업고등학교,11,277,11,246,11,253
서울특별시 구로구,유한공업고등학교,8,201,8,204,8,199
서울특별시 노원구,서울아이티고등학교,10,235,10,236,10,247
서울특별시 노원구,인덕공업고등학교,10,245,10,236,10,227
서울특별시 중구,한양공업고등학교,12,309,12,302,12,300
서울특별시 동대문구,휘경공업고등학교,9,104,9,106,11,192
서울특별시 종로구,경기상업고등학교,5,77,5,93,10,149
서울특별시 중구,경기여자상업고등학교,5,111,5,125,5,122
서울특별시 성북구,동구마케팅고등학교,10,226,10,227,10,250
서울특별시 강동구,서울컨벤션고등학교,10,260,10,251,10,246
서울특별시 관악구,서울여자상업고등학교,10,260,10,245,10,257
서울특별시 은평구,선일이비즈니스고등학교,9,209,9,209,9,212
서울특별시 강동구,성덕고등학교,8,233,8,224,8,247
서울특별시 강서구,신정여자상업고등학교,7,126,9,168,10,198
서울특별시 관악구,영락의료과학고등학교,6,131,6,103,6,122
서울특별시 송파구,일신여자상업고등학교,13,295,15,332,15,372
서울특별시 동대문구,정화여자상업고등학교,6,104,6,103,7,127
서울특별시 동대문구,해성국제컨벤션고등학교,9,216,9,206,9,213
서울특별시 마포구,홍익디자인고등학교,5,130,5,128,5,124
서울특별시 은평구,선정국제관광고등학교,5,119,5,105,5,115
서울특별시 중구,성동글로벌경영고등학교,9,202,9,193,10,241
서울특별시 도봉구,세그루패션디자인고등학교,8,188,8,157,8,187
서울특별시 노원구,영신간호비즈니스고등학교,9,221,9,181,9,195
서울특별시 은평구,예일디자인고등학교,8,211,8,200,8,202
서울특별시 강서구,덕원예술고등학교,5,201,5,191,5,199
서울특별시 종로구,서울예술고등학교,10,359,10,364,10,367
서울특별시 광진구,선화예술고등학교,9,371,9,362,9,359
서울특별시 강서구,경복비즈니스고등학교,9,217,9,211,9,221
서울특별시 성북구,고명경영고등학교,7,171,5,94,6,58
서울특별시 관악구,서울관광고등학교,9,237,10,241,10,241
서울특별시 관악구,광신정보산업고등학교,6,112,4,78,6,109
서울특별시 구로구,예림디자인고등학교,6,146,6,97,6,126
서울특별시 중구,대경상업고등학교,8,203,8,184,8,183
서울특별시 종로구,대동세무고등학교,10,260,10,256,10,256
서울특별시 양천구,대일관광고등학교,7,162,8,173,8,195
서울특별시 성동구,덕수고등학교,7,134,12,196,16,335
서울특별시 도봉구,서울문화고등학교,10,202,9,174,10,207
서울특별시 은평구,동명여자정보산업고등학교,5,116,5,102,5,123
서울특별시 관악구,미림여자정보과학고등학교,6,120,6,108,6,109
서울특별시 송파구,보인고등학교,12,363,12,382,12,371
서울특별시 구로구,서서울생활과학고등학교,13,333,13,294,13,307
서울특별시 양천구,서울금융고등학교,9,129,6,72,7,109
서울특별시 종로구,서일국제경영고등학교,5,120,5,76,5,71
서울특별시 강북구,성암국제무역고등학교,8,192,8,188,8,181
서울특별시 강서구,서울항공비즈니스고등학교,8,161,8,180,12,255
서울특별시 중랑구,송곡관광고등학교,7,168,7,169,7,175
서울특별시 노원구,염광여자메디텍고등학교,7,166,7,159,7,172
서울특별시 중랑구,이화여자대학교병설미디어고등학교,8,209,8,201,8,186
서울특별시 노원구,동산정보산업고등학교,14,331,15,341,15,320
서울특별시 강서구,화곡보건경영고등학교,8,166,8,173,8,147
서울특별시 중구,리라아트고등학교,6,154,6,149,6,152
서울특별시 서초구,서울전자고등학교,6,95,5,94,8,168
서울특별시 용산구,선린인터넷고등학교,12,312,12,297,12,295
서울특별시 은평구,세명컴퓨터고등학교,9,233,8,197,8,200
서울특별시 마포구,한세사이버보안고등학교,5,125,5,115,5,124
서울특별시 도봉구,누원고등학교,7,144,8,156,8,180
서울특별시 송파구,방산고등학교,11,275,11,271,11,303
서울특별시 중랑구,신현고등학교,8,186,8,190,8,215
서울특별시 도봉구,자운고등학교,10,230,10,216,10,281
서울특별시 도봉구,도봉고등학교,5,91,5,80,7,94
서울특별시 강서구,등촌고등학교,9,192,9,183,9,224
서울특별시 성동구,경일고등학교,6,113,6,117,7,137
서울특별시 영등포구,선유고등학교,8,195,8,166,8,210
서울특별시 노원구,월계고등학교,9,174,9,186,9,216
서울특별시 노원구,불암고등학교,11,278,11,279,11,315
서울특별시 강서구,세현고등학교,8,186,8,188,8,209
서울특별시 양천구,신서고등학교,7,171,7,178,7,201
서울특별시 도봉구,효문고등학교,7,159,8,148,8,191
서울특별시 중랑구,원묵고등학교,9,227,9,232,9,263
서울특별시 마포구,상암고등학교,10,294,10,293,10,338
서울특별시 종로구,서울국제고등학교,6,159,6,148,6,143
서울특별시 송파구,문정고등학교,9,244,9,240,9,271
서울특별시 구로구,세종과학고등학교,8,162,8,163,7,118
서울특별시 구로구,구현고등학교,9,230,9,224,9,283
서울특별시 강북구,삼각산고등학교,8,201,8,200,9,224
서울특별시 구로구,신도림고등학교,8,197,8,210,8,252
서울특별시 강동구,강일고등학교,8,176,8,161,8,171
서울특별시 성동구,성수고등학교,8,166,8,165,8,172
서울특별시 송파구,문현고등학교,8,221,8,225,8,248
서울특별시 은평구,진관고등학교,10,272,10,243,10,253
서울특별시 관악구,구암고등학교,7,202,8,193,8,221
서울특별시 은평구,신도고등학교,8,190,8,195,8,209
서울특별시 동대문구,해성여자고등학교,8,226,8,209,8,222
서울특별시 강북구,미양고등학교,7,194,7,173,7,182
서울특별시 강동구,선사고등학교,8,188,8,183,8,203
서울특별시 송파구,잠일고등학교,7,127,7,125,7,139
서울특별시 동대문구,휘봉고등학교,6,126,7,140,7,163
서울특별시 강서구,수명고등학교,8,190,8,187,8,200
서울특별시 은평구,은평고등학교,7,173,7,165,7,180
서울특별시 구로구,서울공연예술고등학교,7,259,7,262,7,261
서울특별시 서대문구,가재울고등학교,8,205,8,216,8,247
서울특별시 은평구,하나고등학교,8,206,8,206,8,205
서울특별시 성동구,금호고등학교,7,141,7,149,7,165
서울특별시 성동구,도선고등학교,7,145,7,162,8,183
서울특별시 성북구,경동고등학교부설방송통신고등학교,5,104,5,120,5,110
서울특별시 종로구,경복고등학교부설방송통신고등학교,6,172,6,149,6,152
서울특별시 동작구,수도여자고등학교부설방송통신고등학교,4,90,3,72,3,62
서울특별시 동작구,영등포고등학교부설방송통신고등학교,4,79,4,90,5,109
서울특별시 강남구,경기여자고등학교부설방송통신고등학교,5,129,5,120,5,103
부산광역시 금정구,부산대학교사범대학부설고등학교,9,244,9,246,10,265
부산광역시 해운대구,부산기계공업고등학교,15,306,15,302,15,297
부산광역시 영도구,부산해사고등학교,8,162,8,152,8,143
부산광역시 부산진구,가야고등학교,8,173,8,172,9,197
부산광역시 부산진구,개금고등학교,7,149,7,145,7,150
부산광역시 사하구,건국고등학교,7,140,7,161,8,169
부산광역시 서구,경남고등학교,8,180,8,195,8,197
부산광역시 부산진구,경남공업고등학교,10,221,10,213,10,247
부산광역시 서구,부경고등학교,7,161,7,159,8,194
부산광역시 동구,경남여자고등학교,8,209,8,206,9,235
부산광역시 서구,경성전자고등학교,6,106,7,119,7,158
부산광역시 부산진구,경원고등학교,8,195,8,195,8,201
부산광역시 강서구,경일고등학교,6,159,6,139,6,145
부산광역시 북구,경혜여자고등학교,8,160,8,146,9,185
부산광역시 연제구,계성여자상업고등학교,7,153,7,123,8,173
부산광역시 영도구,광명고등학교,6,108,6,108,7,154
부산광역시 사상구,구덕고등학교,7,162,7,170,8,212
부산광역시 동구,금성고등학교,7,129,7,127,8,165
부산광역시 동래구,금정고등학교,8,223,8,214,9,252
부산광역시 금정구,금정여자고등학교,7,161,7,154,7,187
부산광역시 금정구,금정전자공업고등학교,7,151,7,126,7,147
부산광역시 기장군,기장고등학교,11,344,11,329,11,368
부산광역시 북구,낙동고등학교,9,229,9,222,10,282
부산광역시 금정구,남산고등학교,9,206,9,202,9,232
부산광역시 중구,남성여자고등학교,8,180,8,175,9,198
부산광역시 금정구,내성고등학교,8,192,8,191,9,207
부산광역시 사하구,다대고등학교,8,210,8,211,9,251
부산광역시 사하구,대광발명과학고등학교,5,85,4,58,5,72
부산광역시 사상구,대덕여자고등학교,8,166,8,159,9,185
부산광역시 사하구,대동고등학교,9,222,9,226,11,261
부산광역시 동래구,대명여자고등학교,10,250,10,228,11,297
부산광역시 남구,대양전자통신고등학교,8,164,8,149,8,174
부산광역시 남구,대연고등학교,9,193,9,179,10,215
부산광역시 남구,부산세무고등학교,10,200,10,192,10,215
부산광역시 금정구,대진전자통신고등학교,10,224,10,215,10,241
부산광역시 부산진구,부산마케팅고등학교,10,224,10,207,10,238
부산광역시 강서구,덕문고등학교,2,45,2,49,2,50
부산광역시 수영구,덕문여자고등학교,11,241,11,224,12,306
부산광역시 동구,데레사여자고등학교,8,198,8,199,9,220
부산광역시 동래구,동래고등학교,9,261,9,271,10,317
부산광역시 금정구,동래여자고등학교,9,194,9,178,9,189
부산광역시 동래구,동래원예고등학교,7,162,7,150,7,165
부산광역시 북구,삼정고등학교,9,216,9,206,9,217
부산광역시 남구,동명공업고등학교,7,136,7,114,7,131
부산광역시 사하구,동아고등학교,11,273,11,276,11,269
부산광역시 사하구,동아공업고등학교,7,157,7,149,7,167
부산광역시 부산진구,동의공업고등학교,7,157,7,149,7,158
부산광역시 동래구,동인고등학교,10,260,10,247,11,287
부산광역시 중구,동주여자고등학교,7,167,7,164,8,207
부산광역시 남구,동천고등학교,10,222,10,205,11,246
부산광역시 부산진구,세정상업고등학교,8,179,8,159,8,179
부산광역시 북구,만덕고등학교,8,182,8,181,9,229
부산광역시 남구,문현여자고등학교,8,198,8,180,9,221
부산광역시 남구,배정고등학교,8,151,8,152,8,151
부산광역시 강서구,부산강서고등학교,7,160,7,143,8,179
부산광역시 동구,부산고등학교,8,159,8,165,8,176
부산광역시 남구,부산공업고등학교,10,222,10,217,10,248
부산광역시 부산진구,부산국제고등학교,8,170,8,170,8,169
부산광역시 영도구,부산남고등학교,6,112,6,117,6,141
부산광역시 수영구,부산남일고등학교,8,213,8,202,9,265
부산광역시 강서구,부산대저고등학교,4,91,4,96,5,122
부산광역시 부산진구,부산동고등학교,7,140,7,135,8,170
부산광역시 부산진구,부산동성고등학교,8,158,8,154,9,196
부산광역시 수영구,부산동여자고등학교,9,211,9,197,10,282
부산광역시 남구,한국조형예술고등학교,8,159,8,153,8,149
부산광역시 중구,부산디지털고등학교,7,135,6,87,7,106
부산광역시 강서구,부산산업과학고등학교,2,28,3,34,5,58
부산광역시 부산진구,개성고등학교,8,204,8,199,9,230
부산광역시 서구,부산서여자고등학교,8,200,8,188,8,208
부산광역시 사하구,부산여자고등학교,9,257,9,253,11,329
부산광역시 수영구,부산여자상업고등학교,10,218,10,202,10,226
부산광역시 영도구,부산영상예술고등학교,7,153,7,137,7,148
부산광역시 금정구,부산예술고등학교,10,376,10,386,10,394
부산광역시 연제구,부산외국어고등학교,10,245,10,234,10,242
부산광역시 사하구,부산자동차고등학교,6,120,6,119,6,109
부산광역시 기장군,부산장안고등학교,5,124,5,115,5,124
부산광역시 동래구,부산전자공업고등학교,10,226,10,220,10,244
부산광역시 부산진구,부산정보고등학교,10,225,10,204,10,210
부산광역시 남구,부산경영고등학교,5,63,5,67,7,125
부산광역시 금정구,부산정보관광고등학교,8,183,8,164,8,192
부산광역시 서구,부산관광고등학교,8,183,8,168,8,181
부산광역시 북구,부산백양고등학교,7,162,7,158,8,195
부산광역시 남구,부산중앙고등학교,8,179,8,168,7,164
부산광역시 동래구,부산중앙여자고등학교,9,268,9,243,10,304
부산광역시 부산진구,부산진고등학교,7,148,7,152,7,160
부산광역시 부산진구,부산진여자고등학교,8,202,8,192,10,259
부산광역시 부산진구,부산진여자상업고등학교,8,180,8,169,8,196
부산광역시 영도구,부산체육고등학교,3,105,3,99,3,95
부산광역시 동구,부산컴퓨터과학고등학교,10,222,10,212,10,236
부산광역시 남구,한얼고등학교,5,118,5,120,5,115
부산광역시 사하구,부일외국어고등학교,8,203,8,190,8,199
부산광역시 사하구,부일전자디자인고등학교,7,157,7,142,7,171
부산광역시 해운대구,부흥고등학교,10,291,10,304,10,338
부산광역시 금정구,브니엘고등학교,8,156,8,153,9,172
부산광역시 금정구,브니엘여자고등학교,6,101,6,110,6,98
부산광역시 금정구,브니엘예술고등학교,5,163,5,152,5,163
부산광역시 동래구,사직고등학교,9,251,9,246,10,283
부산광역시 동래구,사직여자고등학교,8,209,8,185,9,237
부산광역시 사하구,삼성여자고등학교,9,265,9,249,10,293
부산광역시 사상구,서부산공업고등학교,7,150,7,130,8,175
부산광역시 북구,성도고등학교,10,225,10,217,11,255
부산광역시 부산진구,성모여자고등학교,8,204,8,198,10,275
부산광역시 해운대구,영산고등학교,8,178,7,100,8,143
부산광역시 사하구,성일여자고등학교,8,205,8,204,9,217
부산광역시 남구,성지고등학교,6,140,6,138,6,151
부산광역시 해운대구,신도고등학교,10,278,10,294,10,327
부산광역시 해운대구,양운고등학교,10,272,10,297,10,321
부산광역시 부산진구,양정고등학교,8,177,8,160,9,209
부산광역시 영도구,영도여자고등학교,7,156,7,145,8,218
부산광역시 남구,예문여자고등학교,9,210,9,180,10,228
부산광역시 동래구,용인고등학교,10,250,10,241,11,280
부산광역시 연제구,이사벨고등학교,8,238,8,237,8,253
부산광역시 기장군,장안제일고등학교,4,99,4,96,4,100
부산광역시 사상구,주례여자고등학교,8,210,8,196,9,249
부산광역시 연제구,지구촌고등학교,0,0,0,0,1,21
부산광역시 금정구,지산고등학교,8,183,8,179,9,185
부산광역시 동래구,충렬고등학교,8,199,8,193,9,234
부산광역시 동래구,학산여자고등학교,10,256,10,235,11,310
부산광역시 영도구,부산보건고등학교,8,140,7,133,9,180
부산광역시 해운대구,부산문화여자고등학교,8,182,8,174,8,192
부산광역시 사하구,해동고등학교,7,161,7,163,8,180
부산광역시 해운대구,해운대고등학교,8,173,8,170,8,169
부산광역시 해운대구,해운대공업고등학교,7,155,7,137,8,188
부산광역시 해운대구,해운대관광고등학교,8,181,8,164,8,187
부산광역시 해운대구,해운대여자고등학교,9,175,9,199,10,251
부산광역시 중구,혜광고등학교,8,150,8,154,9,187
부산광역시 동래구,혜화여자고등학교,8,195,8,178,8,183
부산광역시 북구,화명고등학교,10,263,10,278,11,316
부산광역시 북구,금곡고등학교,9,242,9,243,10,286
부산광역시 금정구,부산과학고등학교,5,102,5,101,5,71
부산광역시 남구,분포고등학교,7,172,7,152,8,199
부산광역시 해운대구,반여고등학교,7,184,7,190,8,216
부산광역시 해운대구,부산국제외국어고등학교,8,199,8,132,8,169
부산광역시 연제구,연제고등학교,7,195,7,190,8,238
부산광역시 해운대구,해강고등학교,11,278,11,308,12,357
부산광역시 북구,금명여자고등학교,7,162,7,147,7,164
부산광역시 해운대구,센텀고등학교,8,207,8,193,8,223
부산광역시 사상구,사상고등학교,7,162,7,167,8,193
부산광역시 강서구,명호고등학교,8,227,8,219,8,232
부산광역시 기장군,신정고등학교,8,251,8,213,8,221
부산광역시 기장군,정관고등학교,10,311,10,282,10,272
부산광역시 사하구,부산일과학고등학교,5,100,5,99,5,68
부산광역시 동구,경남여자고등학교부설방송통신고등학교,4,97,3,75,3,83
부산광역시 동래구,동래고등학교부설방송통신고등학교,3,88,2,24,2,41
대구광역시 중구,경북대학교사범대학부설고등학교,10,272,10,258,10,304
대구광역시 북구,강북고등학교,12,287,12,298,12,330
대구광역시 서구,경덕여자고등학교,9,189,10,218,10,231
대구광역시 북구,경명여자고등학교,11,230,11,228,12,278
대구광역시 수성구,경북고등학교,13,347,13,339,13,398
대구광역시 중구,경북공업고등학교,11,265,11,261,11,301
대구광역시 달서구,경북기계공업고등학교,15,302,15,286,15,290
대구광역시 중구,경북여자고등학교,11,329,11,304,11,352
대구광역시 남구,경북여자상업고등학교,8,194,8,186,8,217
대구광역시 남구,경북예술고등학교,11,437,11,427,11,429
대구광역시 북구,경상고등학교,11,244,11,247,11,289
대구광역시 남구,경상공업고등학교,16,381,16,374,16,412
대구광역시 북구,경상여자고등학교,12,240,12,233,12,254
대구광역시 수성구,경신고등학교,9,218,9,216,10,278
대구광역시 달서구,경원고등학교,14,339,14,324,15,413
대구광역시 남구,경일여자고등학교,6,88,5,124,8,217
대구광역시 달서구,경화여자고등학교,9,205,9,211,9,251
대구광역시 서구,계성고등학교,7,254,9,248,10,316
대구광역시 달서구,대구보건고등학교,13,309,13,294,13,336
대구광역시 북구,구암고등학교,9,272,9,250,9,275
대구광역시 수성구,능인고등학교,14,350,14,351,14,420
대구광역시 달성군,다사고등학교,5,129,5,127,5,141
대구광역시 달성군,달서고등학교,6,143,6,146,6,164
대구광역시 서구,달성고등학교,13,353,13,343,13,407
대구광역시 달성군,대구소프트웨어고등학교,3,60,3,59,3,59
대구광역시 달서구,대건고등학교,10,320,10,287,10,322
대구광역시 남구,대구고등학교,10,257,10,258,10,266
대구광역시 동구,대구공업고등학교,14,342,14,332,14,378
대구광역시 수성구,대구과학고등학교,6,95,6,93,6,93
대구광역시 수성구,대구남산고등학교,12,309,12,289,13,354
대구광역시 달서구,대구달서공업고등학교,11,224,12,210,12,282
대구광역시 동구,대구일마이스터고등학교,6,120,6,111,6,111
대구광역시 동구,대구동부고등학교,10,277,10,239,10,265
대구광역시 달서구,대구상원고등학교,12,347,12,320,12,380
대구광역시 서구,대구서부고등학교,10,218,10,233,10,264
대구광역시 서구,대구서부공업고등학교,12,286,12,175,12,238
대구광역시 남구,대구여자상업고등학교,10,239,10,235,10,272
대구광역시 수성구,대구여자고등학교,13,385,13,328,14,416
대구광역시 달서구,대구외국어고등학교,6,147,6,147,6,138
대구광역시 수성구,대구농업마이스터고등학교,6,120,6,104,6,98
대구광역시 달서구,대구전자공업고등학교,10,237,10,232,10,262
대구광역시 동구,대구관광고등학교,12,291,12,242,12,254
대구광역시 서구,대구제일고등학교,11,233,11,229,11,271
대구광역시 달서구,대구제일여자상업고등학교,9,215,9,211,9,241
대구광역시 수성구,대구혜화여자고등학교,13,304,13,293,13,383
대구광역시 수성구,대륜고등학교,14,382,14,363,14,444
대구광역시 북구,대중금속공업고등학교,5,119,5,114,5,133
대구광역시 수성구,덕원고등학교,12,355,12,344,14,431
대구광역시 달성군,대원고등학교,8,210,8,200,8,221
대구광역시 달서구,상서고등학교,15,358,15,344,15,382
대구광역시 달서구,상인고등학교,8,214,8,218,8,232
대구광역시 북구,성광고등학교,11,241,11,229,11,280
대구광역시 달서구,성서고등학교,11,267,11,267,11,305
대구광역시 북구,성화여자고등학교,12,297,12,274,12,350
대구광역시 달서구,송현여자고등학교,11,275,11,266,12,351
대구광역시 수성구,시지고등학교,12,359,12,331,12,367
대구광역시 중구,신명고등학교,9,239,9,224,10,267
대구광역시 남구,심인고등학교,6,131,7,158,8,164
대구광역시 달서구,영남고등학교,15,426,15,395,15,465
대구광역시 수성구,영남공업고등학교,19,450,19,408,19,474
대구광역시 북구,영송여자고등학교,9,206,9,191,10,260
대구광역시 동구,영신고등학교,11,245,11,242,12,272
대구광역시 북구,영진고등학교,10,200,10,201,10,234
대구광역시 수성구,오성고등학교,9,205,9,202,10,281
대구광역시 달서구,와룡고등학교,9,211,9,196,10,269
대구광역시 북구,운암고등학교,9,270,9,257,10,309
대구광역시 달서구,원화여자고등학교,14,332,14,304,15,391
대구광역시 동구,정동고등학교,9,179,9,186,9,193
대구광역시 수성구,정화여자고등학교,13,310,13,275,14,371
대구광역시 동구,조일고등학교,8,188,8,147,8,79
대구광역시 수성구,대구중앙고등학교,10,259,10,254,10,288
대구광역시 동구,청구고등학교,11,263,11,274,11,295
대구광역시 달성군,포산고등학교,4,106,4,101,3,69
대구광역시 달성군,현풍고등학교,6,143,6,139,6,168
대구광역시 남구,협성고등학교,9,193,9,182,10,201
대구광역시 달성군,화원고등학교,10,275,10,270,10,288
대구광역시 달서구,효성여자고등학교,10,276,10,248,10,264
대구광역시 북구,대구체육고등학교,2,75,2,54,2,67
대구광역시 달서구,대곡고등학교,10,290,10,275,10,310
대구광역시 달서구,성산고등학교,10,240,10,239,10,275
대구광역시 북구,학남고등학교,10,301,10,278,10,308
대구광역시 달서구,도원고등학교,9,216,9,223,10,264
대구광역시 동구,강동고등학교,9,258,9,237,9,266
대구광역시 수성구,동문고등학교,11,257,11,251,11,308
대구광역시 동구,달구벌고등학교,2,33,2,38,2,36
대구광역시 수성구,수성고등학교,11,277,11,267,11,306
대구광역시 달서구,대진고등학교,10,237,10,252,10,295
대구광역시 북구,매천고등학교,9,242,9,237,9,258
대구광역시 북구,함지고등학교,9,241,9,233,9,253
대구광역시 달서구,호산고등학교,10,237,10,231,10,267
대구광역시 북구,칠성고등학교,6,139,6,143,6,148
대구광역시 동구,대구일과학고등학교,4,81,4,80,4,47
대구광역시 달성군,비슬고등학교,11,282,11,250,12,321
대구광역시 남구,대구고등학교부설방송통신고등학교,8,218,6,178,6,181
인천광역시 중구,인천해사고등학교,6,120,6,120,6,112
인천광역시 서구,가정고등학교,10,276,11,274,11,320
인천광역시 강화군,강남영상미디어고등학교,3,72,3,75,3,69
인천광역시 강화군,강화고등학교,6,170,6,156,6,148
인천광역시 강화군,강화여자고등학교,7,168,7,164,7,157
인천광역시 서구,검단고등학교,10,253,10,220,10,258
인천광역시 서구,인천보건고등학교,8,191,8,174,8,200
인천광역시 계양구,계산고등학교,9,228,9,239,9,269
인천광역시 계양구,계산공업고등학교,10,241,10,244,10,278
인천광역시 계양구,계산여자고등학교,9,201,9,200,9,226
인천광역시 계양구,계양고등학교,8,185,8,191,9,235
인천광역시 중구,광성고등학교,9,197,8,181,9,201
인천광역시 강화군,교동고등학교,1,12,1,8,1,8
인천광역시 강화군,산마을고등학교,1,20,1,20,1,20
인천광역시 서구,대인고등학교,12,359,12,340,12,373
인천광역시 옹진군,대청고등학교,1,6,1,4,1,5
인천광역시 동구,재능고등학교,10,242,10,252,10,278
인천광역시 강화군,덕신고등학교,3,84,3,87,3,80
인천광역시 옹진군,덕적고등학교,1,5,1,11,1,10
인천광역시 동구,동산고등학교,8,172,8,170,9,201
인천광역시 남동구,동인천고등학교,9,230,9,218,9,245
인천광역시 부평구,명신여자고등학교,9,214,9,170,10,186
인천광역시 남동구,인천금융고등학교,9,217,9,221,9,240
인천광역시 남동구,문일여자고등학교,13,370,13,326,13,341
인천광역시 남구,문학정보고등학교,8,159,10,190,10,222
인천광역시 옹진군,백령고등학교,2,26,2,25,2,22
인천광역시 서구,백석고등학교,12,332,11,321,12,389
인천광역시 부평구,부개여자고등학교,10,206,10,214,10,204
인천광역시 부평구,부광고등학교,9,241,9,201,11,267
인천광역시 부평구,부광여자고등학교,8,177,8,180,9,203
인천광역시 부평구,부평고등학교,10,264,10,211,11,259
인천광역시 부평구,부평공업고등학교,10,241,10,249,10,276
인천광역시 서구,인천세무고등학교,10,241,10,239,10,280
인천광역시 부평구,부평여자고등학교,9,201,9,210,11,248
인천광역시 부평구,인천미래생활고등학교,10,207,10,159,9,118
인천광역시 강화군,삼량고등학교,3,32,3,59,3,43
인천광역시 부평구,삼산고등학교,8,208,8,207,9,225
인천광역시 강화군,서도고등학교,1,1,0,0,1,1
인천광역시 계양구,서운고등학교,8,213,8,201,9,222
인천광역시 서구,서인천고등학교,14,407,14,401,14,444
인천광역시 남동구,석정여자고등학교,8,193,8,185,9,236
인천광역시 남구,선인고등학교,8,163,8,157,8,182
인천광역시 남구,인천비즈니스고등학교,9,204,7,119,11,201
인천광역시 부평구,세일고등학교,9,246,9,213,10,237
인천광역시 연수구,송도고등학교,12,285,12,299,13,344
인천광역시 남동구,숭덕여자고등학교,12,309,11,267,11,318
인천광역시 남동구,신명여자고등학교,11,257,11,261,11,297
인천광역시 연수구,연수고등학교,11,292,11,282,11,319
인천광역시 연수구,연수여자고등학교,10,297,10,278,11,327
인천광역시 옹진군,연평고등학교,1,13,1,10,1,12
인천광역시 부평구,인천외국어고등학교,10,214,10,217,10,218
인천광역시 중구,영종국제물류고등학교,3,71,3,76,3,81
인천광역시 동구,영화관광경영고등학교,10,240,10,226,10,270
인천광역시 남구,인천하이텍고등학교,6,78,6,48,7,62
인천광역시 남구,도화기계공업고등학교,12,204,12,184,12,241
인천광역시 미추홀구,인명여자고등학교,13,357,13,314,13,346
인천광역시 중구,인성여자고등학교,8,186,8,159,8,182
인천광역시 중구,인일여자고등학교,10,229,9,216,10,250
인천광역시 남동구,인제고등학교,11,252,12,264,12,301
인천광역시 남구,인천고등학교,12,297,12,292,13,311
인천광역시 중구,인천공항고등학교,10,302,8,228,8,202
인천광역시 중구,인천과학고등학교,4,81,4,80,4,48
인천광역시 남구,인천기계공업고등학교,14,337,14,348,14,389
인천광역시 남동구,인천남고등학교,9,228,9,214,9,209
인천광역시 연수구,인천대건고등학교,10,273,11,265,11,292
인천광역시 서구,인천디자인고등학교,10,249,10,243,10,268
인천광역시 연수구,박문여자고등학교,9,263,9,229,9,236
인천광역시 연수구,인천생활과학고등학교,8,201,8,212,8,230
인천광역시 연수구,인천여자고등학교,10,285,10,259,11,305
인천광역시 연수구,인천뷰티예술고등학교,8,192,8,176,8,214
인천광역시 중구,인천여자상업고등학교,12,275,12,285,12,331
인천광역시 남동구,인천예술고등학교,5,159,5,158,5,156
인천광역시 미추홀구,인천전자마이스터고등학교,8,162,8,153,8,153
인천광역시 중구,인천정보산업고등학교,12,285,12,250,12,282
인천광역시 중구,인천중앙여자상업고등학교,8,192,8,202,8,226
인천광역시 서구,인천체육고등학교,3,97,3,91,3,103
인천광역시 연수구,인천해양과학고등학교,10,213,6,122,10,159
인천광역시 부평구,인평자동차고등학교,6,145,6,142,6,163
인천광역시 남구,인하대학교사범대학부속고등학교,9,205,9,213,9,216
인천광역시 미추홀구,인항고등학교,8,177,8,184,9,219
인천광역시 남구,인화여자고등학교,8,193,8,178,8,184
인천광역시 남구,정석항공과학고등학교,8,194,8,196,8,226
인천광역시 중구,제물포고등학교,8,149,8,167,8,163
인천광역시 부평구,제일고등학교,8,176,8,154,9,187
인천광역시 연수구,청학공업고등학교,10,169,9,169,10,198
인천광역시 미추홀구,학익고등학교,8,183,8,180,8,196
인천광역시 미추홀구,학익여자고등학교,12,315,12,335,12,370
인천광역시 서구,한국주얼리고등학교,4,97,4,97,4,111
인천광역시 계양구,인천효성고등학교,8,215,8,196,9,259
인천광역시 서구,가림고등학교,11,295,11,278,11,327
인천광역시 계양구,작전여자고등학교,8,204,8,193,9,242
인천광역시 계양구,안남고등학교,8,198,8,195,9,240
인천광역시 계양구,작전고등학교,8,198,8,207,9,253
인천광역시 연수구,옥련여자고등학교,9,263,9,244,11,310
인천광역시 서구,가좌고등학교,10,281,10,251,12,348
인천광역시 계양구,인천예일고등학교,9,246,9,237,9,269
인천광역시 부평구,부개고등학교,9,220,8,187,9,222
인천광역시 부평구,인천산곡고등학교,8,195,8,186,9,220
인천광역시 부평구,인천부흥고등학교,8,194,8,188,9,210
인천광역시 남동구,도림고등학교,8,221,8,173,8,217
인천광역시 서구,인천원당고등학교,10,281,10,276,10,302
인천광역시 연수구,신송고등학교,10,265,10,257,11,308
인천광역시 부평구,인천영선고등학교,9,239,9,226,9,219
인천광역시 서구,인천마전고등학교,8,198,8,174,8,206
인천광역시 남동구,인천논현고등학교,9,264,8,217,9,267
인천광역시 부평구,인천진산과학고등학교,4,80,4,80,4,46
인천광역시 중구,인천국제고등학교,6,142,6,135,6,143
인천광역시 남동구,인천만수고등학교,9,263,9,227,10,291
인천광역시 서구,인천신현고등학교,10,291,10,222,10,247
인천광역시 남동구,인천남동고등학교,9,247,9,236,10,294
인천광역시 남동구,미추홀외국어고등학교,8,193,8,186,8,190
인천광역시 부평구,인천상정고등학교,8,209,8,170,8,186
인천광역시 계양구,인천세원고등학교,9,226,9,196,9,222
인천광역시 남동구,인천고잔고등학교,9,259,9,219,10,277
인천광역시 연수구,인천해송고등학교,10,300,10,273,10,289
인천광역시 남동구,인천송천고등학교,8,232,8,205,8,227
인천광역시 서구,인천청라고등학교,10,300,10,295,10,317
인천광역시 서구,인천초은고등학교,10,296,10,254,10,288
인천광역시 연수구,인천연송고등학교,9,241,9,225,9,240
인천광역시 중구,인천영종고등학교,13,272,12,257,12,278
인천광역시 서구,인천해원고등학교,9,274,9,220,8,243
인천광역시 중구,인천하늘고등학교,8,230,8,221,8,215
인천광역시 옹진군,인천영흥고등학교,2,29,2,36,2,31
인천광역시 연수구,인천과학예술영재학교,5,77,5,74,5,77
인천광역시 연수구,인천포스코고등학교,8,214,8,213,8,226
인천광역시 연수구,인천여자고등학교부설방송통신고등학교,4,97,4,74,4,85
인천광역시 중구,제물포고등학교부설방송통신고등학교,2,44,2,46,2,56
광주광역시 북구,전남대학교사범대학부설고등학교,8,223,8,222,8,248
광주광역시 북구,고려고등학교,9,244,10,256,10,301
광주광역시 서구,광덕고등학교,10,278,10,274,10,309
광주광역시 광산구,광일고등학교,3,73,2,55,4,90
광주광역시 북구,광주경신여자고등학교,9,252,10,261,10,286
광주광역시 동구,광주고등학교,8,225,8,236,8,262
광주광역시 북구,광주과학고등학교,6,93,6,97,6,97
광주광역시 북구,광주공업고등학교,14,358,14,354,14,386
광주광역시 서구,광주대동고등학교,8,222,9,256,9,277
광주광역시 남구,광주동성고등학교,8,198,9,229,8,273
광주광역시 북구,광주동신고등학교,9,249,9,237,9,268
광주광역시 북구,광주동신여자고등학교,12,337,10,267,11,338
광주광역시 서구,광주서석고등학교,9,250,9,254,9,273
광주광역시 남구,광주석산고등학교,9,219,9,222,9,295
광주광역시 남구,광주수피아여자고등학교,10,240,9,223,9,257
광주광역시 북구,광주숭일고등학교,10,272,11,296,11,324
광주광역시 서구,광주여자고등학교,11,315,8,253,10,341
광주광역시 남구,광주여자상업고등학교,6,158,6,152,6,164
광주광역시 북구,광주예술고등학교,5,126,5,142,5,125
광주광역시 남구,광주인성고등학교,9,225,9,223,9,295
광주광역시 북구,광주자연과학고등학교,7,186,7,182,7,186
광주광역시 광산구,광주소프트웨어마이스터고등학교,4,79,4,76,4,72
광주광역시 광산구,광주전자공업고등학교,13,339,13,333,13,350
광주광역시 광산구,광주자동화설비공업고등학교,4,81,4,80,4,79
광주광역시 북구,광주제일고등학교,8,229,8,236,8,260
광주광역시 북구,금호중앙여자고등학교,10,279,10,260,10,298
광주광역시 광산구,광주진흥고등학교,9,285,9,282,9,313
광주광역시 북구,광주체육고등학교,3,102,3,78,3,94
광주광역시 북구,국제고등학교,10,279,10,264,10,301
광주광역시 북구,금파공업고등학교,8,208,8,189,8,205
광주광역시 북구,금호고등학교,9,247,9,236,8,232
광주광역시 남구,대광여자고등학교,8,194,8,197,9,268
광주광역시 남구,대성여자고등학교,12,293,10,244,10,304
광주광역시 광산구,동명고등학교,4,79,4,80,4,81
광주광역시 남구,동아여자고등학교,10,238,9,224,9,261
광주광역시 남구,동일미래과학고등학교,10,260,10,224,12,302
광주광역시 남구,문성고등학교,9,221,9,223,9,300
광주광역시 광산구,보문고등학교,10,306,10,294,11,330
광주광역시 북구,살레시오고등학교,9,254,9,244,9,281
광주광역시 동구,살레시오여자고등학교,10,236,8,202,8,234
광주광역시 서구,상무고등학교,8,217,8,213,10,316
광주광역시 북구,서강고등학교,11,306,11,298,11,327
광주광역시 남구,서진여자고등학교,4,82,7,127,10,226
광주광역시 남구,설월여자고등학교,11,264,9,206,10,291
광주광역시 광산구,명진고등학교,10,284,9,282,9,296
광주광역시 남구,송원고등학교,8,196,8,189,8,215
광주광역시 남구,송원여자고등학교,7,174,8,193,8,240
광주광역시 광산구,숭덕고등학교,10,326,10,333,10,348
광주광역시 남구,숭의과학기술고등학교,10,239,10,231,12,270
광주광역시 서구,전남고등학교,9,253,8,231,9,276
광주광역시 광산구,전남공업고등학교,13,332,13,317,13,340
광주광역시 동구,전남여자고등학교,9,215,8,191,8,233
광주광역시 북구,전남여자상업고등학교,8,213,8,206,8,215
광주광역시 광산구,정광고등학교,11,357,11,357,11,385
광주광역시 동구,조선대학교부속고등학교,9,216,8,197,8,234
광주광역시 동구,조선대학교여자고등학교,10,241,8,193,9,256
광주광역시 남구,호남삼육고등학교,3,96,3,95,3,97
광주광역시 남구,송원여자상업고등학교,8,188,8,185,8,207
광주광역시 광산구,운남고등학교,10,325,8,258,10,352
광주광역시 서구,풍암고등학교,10,260,9,250,9,264
광주광역시 광산구,첨단고등학교,10,321,11,354,11,364
광주광역시 서구,상일여자고등학교,8,218,8,226,8,253
광주광역시 광산구,장덕고등학교,11,368,10,331,11,378
광주광역시 광산구,수완고등학교,11,354,9,283,10,346
광주광역시 북구,문정여자고등학교,11,308,10,263,10,296
광주광역시 광산구,성덕고등학교,11,338,11,319,10,307
광주광역시 북구,빛고을고등학교,10,281,9,249,9,285
광주광역시 동구,광주고등학교부설방송통신고등학교,3,39,3,34,3,70
광주광역시 동구,전남여자고등학교부설방송통신고등학교,5,152,5,150,5,160
대전광역시 대덕구,대전생활과학고등학교,9,191,9,209,9,226
대전광역시 동구,계룡디지텍고등학교,9,190,9,220,9,246
대전광역시 중구,남대전고등학교,10,219,10,217,10,254
대전광역시 유성구,대덕고등학교,11,211,11,200,11,235
대전광역시 유성구,대덕소프트웨어마이스터고등학교,4,79,4,78,4,71
대전광역시 중구,대전대성고등학교,10,355,10,334,10,331
대전광역시 동구,대전대성여자고등학교,11,232,11,228,11,254
대전광역시 중구,대전고등학교,12,358,12,351,12,397
대전광역시 유성구,대전공업고등학교,12,193,12,203,12,263
대전광역시 유성구,대전과학고등학교,6,93,6,94,6,95
대전광역시 서구,대전관저고등학교,9,235,9,209,9,222
대전광역시 유성구,대전노은고등학교,8,233,8,230,8,245
대전광역시 서구,대전대신고등학교,10,359,10,321,10,346
대전광역시 중구,대전동산고등학교,11,251,11,231,11,242
대전광역시 동구,동아마이스터고등학교,10,198,10,197,10,193
대전광역시 서구,대전둔산여자고등학교,14,321,14,333,14,384
대전광역시 서구,대전둔원고등학교,10,287,10,257,10,306
대전광역시 서구,대전만년고등학교,10,275,10,256,10,258
대전광역시 서구,대전제일고등학교,8,163,8,176,8,188
대전광역시 중구,대전성모여자고등학교,8,201,8,183,8,186
대전광역시 대덕구,대전송촌고등학교,12,358,12,335,12,395
대전광역시 중구,대전신일여자고등학교,10,208,10,226,10,252
대전광역시 동구,대전여자고등학교,12,360,12,350,12,402
대전광역시 중구,대전여자상업고등학교,10,210,10,246,10,269
대전광역시 중구,대전국제통상고등학교,10,203,10,188,10,233
대전광역시 유성구,대전예술고등학교,6,220,6,230,6,248
대전광역시 서구,대전외국어고등학교,10,248,10,245,10,244
대전광역시 유성구,대전전자디자인고등학교,9,149,9,55,9,113
대전광역시 중구,대전중앙고등학교,9,188,9,183,9,223
대전광역시 유성구,대전체육고등학교,3,71,3,64,3,87
대전광역시 중구,대전한빛고등학교,8,200,8,188,8,192
대전광역시 대덕구,동대전고등학교,11,296,11,259,11,281
대전광역시 서구,동방고등학교,10,258,10,233,10,257
대전광역시 동구,대전동신과학고등학교,5,84,5,77,5,57
대전광역시 동구,명석고등학교,11,242,11,225,11,225
대전광역시 동구,보문고등학교,12,248,12,246,12,291
대전광역시 대덕구,대전이문고등학교,8,166,8,159,8,156
대전광역시 서구,서대전고등학교,10,258,10,233,10,293
대전광역시 서구,서대전여자고등학교,8,152,8,165,8,209
대전광역시 서구,서일고등학교,9,216,9,191,9,230
대전광역시 서구,서일여자고등학교,8,215,8,183,8,215
대전광역시 대덕구,신탄진고등학교,8,160,8,145,8,163
대전광역시 동구,우송고등학교,10,266,10,239,10,311
대전광역시 유성구,유성고등학교,12,338,12,314,12,366
대전광역시 유성구,유성생명과학고등학교,10,215,10,244,10,277
대전광역시 유성구,유성여자고등학교,8,205,8,197,8,213
대전광역시 유성구,중일고등학교,8,220,8,221,8,228
대전광역시 중구,청란여자고등학교,8,140,8,141,8,165
대전광역시 서구,충남고등학교,12,352,12,348,12,397
대전광역시 중구,충남기계공업고등학교,14,299,14,339,14,384
대전광역시 중구,충남여자고등학교,13,368,13,340,13,434
대전광역시 서구,한밭고등학교,11,295,11,249,11,303
대전광역시 중구,호수돈여자고등학교,10,229,10,211,10,232
대전광역시 유성구,대전반석고등학교,10,291,10,270,10,326
대전광역시 서구,대전구봉고등학교,9,240,9,210,9,232
대전광역시 유성구,대전전민고등학교,10,277,10,261,10,264
대전광역시 서구,대전괴정고등학교,10,282,10,248,10,296
대전광역시 유성구,대전지족고등학교,11,330,11,305,11,354
대전광역시 유성구,대전용산고등학교,10,277,10,265,10,292
대전광역시 동구,대전가오고등학교,8,210,8,204,8,237
대전광역시 서구,대전복수고등학교,8,200,8,178,8,207
대전광역시 유성구,대전도안고등학교,10,288,10,278,10,304
대전광역시 중구,대전고등학교부설방송통신고등학교,3,25,3,45,3,62
대전광역시 동구,대전여자고등학교부설방송통신고등학교,4,120,4,118,4,133
울산광역시 남구,문수고등학교,8,179,8,196,8,226
울산광역시 울주군,남창고등학교,10,314,10,254,9,326
울산광역시 북구,울산동천고등학교,10,257,10,236,10,277
울산광역시 동구,대송고등학교,9,227,8,190,8,235
울산광역시 북구,무룡고등학교,7,171,6,136,8,183
울산광역시 동구,방어진고등학교,7,172,7,164,8,202
울산광역시 남구,삼일여자고등학교,9,205,9,209,10,214
울산광역시 남구,성광여자고등학교,9,198,8,176,10,228
울산광역시 중구,성신고등학교,9,228,8,186,8,204
울산광역시 남구,신정고등학교,12,291,12,292,12,363
울산광역시 남구,우신고등학교,10,212,8,170,10,226
울산광역시 울주군,울산기술공업고등학교,10,216,10,204,10,230
울산광역시 울주군,울산경의고등학교,6,148,6,119,6,153
울산광역시 중구,울산고등학교,8,206,8,184,8,277
울산광역시 남구,울산공업고등학교,15,365,15,423,15,462
울산광역시 울주군,울산상업고등학교,8,173,9,185,10,265
울산광역시 동구,울산생활과학고등학교,8,192,10,251,10,288
울산광역시 울주군,울산미용예술고등학교,6,128,6,138,6,146
울산광역시 남구,울산여자고등학교,10,236,10,229,12,313
울산광역시 남구,울산여자상업고등학교,10,241,11,285,12,360
울산광역시 울주군,울산예술고등학교,4,73,4,86,4,79
울산광역시 북구,울산마이스터고등학교,6,120,6,115,6,113
울산광역시 남구,울산제일고등학교,9,189,8,191,10,229
울산광역시 중구,울산중앙고등학교,7,162,7,160,8,177
울산광역시 중구,울산중앙여자고등학교,8,184,7,160,8,236
울산광역시 북구,울산에너지고등학교,6,121,6,116,6,118
울산광역시 남구,학성고등학교,12,294,12,280,10,303
울산광역시 중구,학성여자고등학교,8,193,7,162,8,237
울산광역시 동구,현대고등학교,8,194,8,188,8,197
울산광역시 동구,현대공업고등학교,6,120,6,113,6,112
울산광역시 동구,현대청운고등학교,6,181,7,173,7,176
울산광역시 울주군,세인고등학교,4,65,4,76,6,104
울산광역시 동구,화암고등학교,7,154,7,165,7,179
울산광역시 북구,효정고등학교,6,145,6,127,7,162
울산광역시 중구,울산애니원고등학교,4,99,4,95,4,99
울산광역시 중구,함월고등학교,8,206,8,181,8,271
울산광역시 중구,다운고등학교,7,163,7,158,8,209
울산광역시 울주군,울산과학고등학교,4,71,4,72,4,42
울산광역시 동구,남목고등학교,8,191,7,169,7,195
울산광역시 남구,삼산고등학교,8,194,8,197,8,255
울산광역시 남구,대현고등학교,8,193,7,170,8,222
울산광역시 남구,신선여자고등학교,8,186,7,166,8,207
울산광역시 남구,무거고등학교,8,177,7,167,8,211
울산광역시 동구,문현고등학교,8,180,7,167,7,188
울산광역시 북구,호계고등학교,8,225,8,219,8,231
울산광역시 울주군,범서고등학교,10,335,10,332,10,367
울산광역시 북구,달천고등학교,10,266,10,236,10,307
울산광역시 북구,울산외국어고등학교,7,162,7,145,7,159
울산광역시 남구,울산강남고등학교,8,190,7,161,8,204
울산광역시 북구,화봉고등학교,8,206,7,168,8,190
울산광역시 북구,매곡고등학교,8,226,8,223,8,236
울산광역시 울주군,천상고등학교,10,302,8,240,8,268
울산광역시 울주군,언양고등학교,6,156,6,132,6,140
울산광역시 북구,울산스포츠과학고등학교,3,84,3,69,3,62
울산광역시 중구,약사고등학교,10,256,10,242,10,330
울산광역시 울주군,울산산업고등학교,9,172,11,212,11,274
울산광역시 울주군,온산고등학교,4,86,4,79,4,114
울산광역시 남구,학성고등학교부설방송통신고등학교,2,60,2,60,3,70
세종특별자치시 세종특별자치시,성남고등학교,8,163,8,182,8,151
세종특별자치시 세종특별자치시,세종여자고등학교,9,190,10,216,10,219
세종특별자치시 세종특별자치시,한솔고등학교,8,209,8,208,8,200
세종특별자치시 세종특별자치시,세종하이텍고등학교,6,107,6,118,6,133
세종특별자치시 세종특별자치시,세종고등학교,10,249,10,247,10,233
세종특별자치시 세종특별자치시,아름고등학교,12,305,10,248,10,247
세종특별자치시 세종특별자치시,도담고등학교,8,200,8,201,8,202
세종특별자치시 세종특별자치시,세종국제고등학교,5,106,5,100,5,96
세종특별자치시 세종특별자치시,종촌고등학교,12,301,10,255,9,228
세종특별자치시 세종특별자치시,고운고등학교,7,154,7,156,7,156
세종특별자치시 세종특별자치시,세종예술고등학교,4,80,4,78,0,0
세종특별자치시 세종특별자치시,세종과학예술영재학교,6,97,6,94,6,91
세종특별자치시 세종특별자치시,양지고등학교,10,244,9,224,9,219
세종특별자치시 세종특별자치시,두루고등학교,9,219,8,184,8,181
세종특별자치시 세종특별자치시,소담고등학교,7,157,5,125,4,100
세종특별자치시 세종특별자치시,보람고등학교,9,228,6,157,6,147
세종특별자치시 세종특별자치시,새롬고등학교,12,301,11,267,10,241
세종특별자치시 세종특별자치시,다정고등학교,8,200,0,0,0,0
경기도 가평군,가평고등학교,8,206,8,201,8,232
경기도 수원시 장안구,경기과학고등학교,8,126,8,127,8,127
경기도 수원시 권선구,경기대명고등학교,2,17,2,21,2,25
경기도 수원시 장안구,경기체육고등학교,3,104,3,81,3,90
경기도 이천시,이천세무고등학교,2,50,2,44,2,47
경기도 의정부시,경민고등학교,10,248,10,247,10,271
경기도 의정부시,경민비즈니스고등학교,9,226,9,194,9,229
경기도 의정부시,경민IT고등학교,8,199,8,207,8,208
경기도 안산시 단원구,경안고등학교,14,350,14,357,16,467
경기도 안산시 단원구,경일관광경영고등학교,12,287,12,294,12,306
경기도 광주시,경화여자고등학교,12,331,12,304,12,363
경기도 부천시,계남고등학교,10,247,10,259,10,279
경기도 성남시 분당구,계원예술고등학교,8,327,8,317,8,321
경기도 고양시 일산서구,백송고등학교,5,126,5,123,5,122
경기도 고양시 덕양구,고양외국어고등학교,10,244,10,235,10,255
경기도 고양시 덕양구,고양고등학교,8,196,8,189,8,202
경기도 안산시 단원구,고잔고등학교,13,330,12,319,14,428
경기도 과천시,과천고등학교,8,198,8,186,9,214
경기도 과천시,과천여자고등학교,8,143,8,165,9,193
경기도 과천시,과천외국어고등학교,10,224,10,216,10,240
경기도 과천시,과천중앙고등학교,8,177,8,186,9,207
경기도 안양시 동안구,경기글로벌통상고등학교,6,47,11,98,15,155
경기도 안양시 동안구,관양고등학교,12,337,12,321,12,370
경기도 포천시,관인고등학교,2,33,2,26,2,35
경기도 남양주시,광동고등학교,12,350,12,329,12,371
경기도 의정부시,의정부광동고등학교,10,254,10,196,10,228
경기도 광명시,광명고등학교,11,311,11,292,12,344
경기도 광명시,광명공업고등학교,4,63,4,82,4,57
경기도 광명시,광명북고등학교,12,338,12,308,15,423
경기도 광명시,명문고등학교,12,339,12,312,14,381
경기도 광명시,광명경영회계고등학교,10,189,10,176,10,137
경기도 광명시,광문고등학교,11,307,11,289,12,327
경기도 광주시,광주고등학교,12,314,13,314,13,387
경기도 광주시,곤지암고등학교,8,131,9,115,9,159
경기도 광주시,광주중앙고등학교,14,378,14,354,14,451
경기도 파주시,광탄고등학교,4,95,4,90,4,92
경기도 구리시,구리고등학교,9,242,9,229,11,304
경기도 구리시,구리여자고등학교,9,237,9,236,11,269
경기도 시흥시,군자디지털과학고등학교,8,151,8,172,8,202
경기도 군포시,군포고등학교,11,314,11,298,12,344
경기도 군포시,군포e비즈니스고등학교,12,169,12,136,12,205
경기도 수원시 권선구,권선고등학교,13,360,13,340,14,408
경기도 안양시 만안구,근명여자정보고등학교,10,231,10,183,10,234
경기도 남양주시,금곡고등학교,12,306,12,284,12,294
경기도 용인시 기흥구,기흥고등학교,10,300,10,257,10,319
경기도 김포시,김포고등학교,11,362,11,366,11,364
경기도 김포시,김포제일공업고등학교,9,247,9,202,9,228
경기도 성남시 분당구,낙생고등학교,10,286,10,261,11,313
경기도 양주시,한국외식과학고등학교,4,120,4,115,4,107
경기도 화성시,남양고등학교,6,164,6,162,6,177
경기도 남양주시,남양주공업고등학교,9,152,9,185,9,193
경기도 하남시,남한고등학교,8,218,8,200,8,198
경기도 고양시 덕양구,능곡고등학교,12,301,12,274,12,321
경기도 안산시 단원구,대부고등학교,2,16,2,24,2,34
경기도 여주시,대신고등학교,3,85,3,86,3,92
경기도 수원시 장안구,대평고등학교,11,297,11,265,11,324
경기도 부천시,덕산고등학교,10,238,10,221,10,254
경기도 남양주시,덕소고등학교,12,375,12,331,12,364
경기도 양주시,덕정고등학교,9,298,9,286,9,290
경기도 부천시,도당고등학교,10,251,10,231,10,266
경기도 포천시,동남고등학교,10,290,10,287,10,303
경기도 동두천시,동두천고등학교,5,149,5,126,5,148
경기도 동두천시,한국문화영상고등학교,8,200,8,200,8,202
경기도 동두천시,동두천중앙고등학교,7,185,7,152,7,179
경기도 안양시 동안구,동안고등학교,13,374,13,350,13,394
경기도 수원시 장안구,동우여자고등학교,12,296,12,257,12,310
경기도 수원시 장안구,동원고등학교,13,348,13,307,14,390
경기도 평택시,동일공업고등학교,10,282,10,284,10,317
경기도 남양주시,동화고등학교,15,448,15,426,15,471
경기도 화성시,두레자연고등학교,2,41,2,35,2,38
경기도 이천시,마장고등학교,3,43,3,32,3,65
경기도 수원시 팔달구,매향여자정보고등학교,12,335,12,326,12,328
경기도 고양시 덕양구,무원고등학교,12,256,12,276,12,321
경기도 파주시,문산고등학교,5,111,5,116,5,126
경기도 파주시,문산수억고등학교,10,239,10,234,10,255
경기도 파주시,문산제일고등학교,11,272,11,270,11,279
경기도 안산시 상록구,경기모바일과학고등학교,10,215,10,243,10,248
경기도 화성시,발안바이오과학고등학교,4,106,4,97,4,99
경기도 고양시 일산동구,백마고등학교,12,333,12,320,14,400
경기도 고양시 일산동구,백석고등학교,12,316,12,323,12,349
경기도 고양시 일산동구,백신고등학교,12,322,12,322,14,380
경기도 용인시 처인구,백암고등학교,4,79,4,94,4,89
경기도 고양시 덕양구,백양고등학교,12,308,12,269,12,326
경기도 안양시 동안구,백영고등학교,12,342,12,321,12,349
경기도 의왕시,백운고등학교,12,267,12,258,12,296
경기도 동두천시,보영여자고등학교,7,132,7,140,7,169
경기도 부천시,부명고등학교,10,254,10,266,10,281
경기도 부천시,경기국제통상고등학교,12,301,12,300,12,283
경기도 부천시,상동고등학교,10,253,10,256,10,282
경기도 부천시,부천고등학교,10,250,10,249,10,263
경기도 부천시,부천공업고등학교,16,207,16,275,16,368
경기도 부천시,부천북고등학교,10,246,10,248,10,269
경기도 부천시,부천여자고등학교,10,246,10,200,10,252
경기도 부천시,부천정보산업고등학교,12,251,12,272,12,282
경기도 안양시 동안구,부흥고등학교,13,374,13,354,13,400
경기도 성남시 분당구,분당고등학교,10,295,10,269,10,311
경기도 성남시 분당구,분당대진고등학교,12,343,12,304,12,343
경기도 성남시 분당구,분당경영고등학교,12,227,12,229,12,260
경기도 성남시 분당구,분당중앙고등학교,10,285,10,263,10,305
경기도 성남시 분당구,불곡고등학교,10,281,10,257,10,268
경기도 화성시,비봉고등학교,11,242,11,208,11,260
경기도 김포시,사우고등학교,11,360,11,359,11,347
경기도 군포시,산본고등학교,15,392,14,347,15,420
경기도 군포시,산본공업고등학교,7,100,6,84,6,99
경기도 파주시,삼광고등학교,2,51,2,30,2,51
경기도 화성시,삼괴고등학교,8,208,8,215,8,208
경기도 수원시 팔달구,삼일공업고등학교,14,370,14,385,14,381
경기도 수원시 팔달구,삼일상업고등학교,12,335,12,333,12,323
경기도 구리시,서울삼육고등학교,8,228,8,206,8,214
경기도 시흥시,서해고등학교,11,355,11,332,11,332
경기도 성남시 분당구,서현고등학교,10,294,10,272,10,320
경기도 가평군,설악고등학교,2,54,2,54,2,59
경기도 성남시 중원구,성남테크노과학고등학교,9,153,9,156,9,208
경기도 성남시 중원구,성남고등학교,9,203,9,194,9,215
경기도 성남시 중원구,성남여자고등학교,10,231,10,224,10,251
경기도 성남시 분당구,성남금융고등학교,12,134,12,164,12,250
경기도 안양시 만안구,성문고등학교,11,316,11,288,11,327
경기도 성남시 수정구,성보경영고등학교,15,378,15,357,15,377
경기도 안산시 상록구,성안고등학교,13,334,13,341,14,424
경기도 성남시 중원구,성일고등학교,12,279,12,266,13,340
경기도 성남시 중원구,동광고등학교,10,232,10,214,11,264
경기도 성남시 중원구,성일정보고등학교,15,371,15,363,15,365
경기도 오산시,성호고등학교,10,302,10,278,10,299
경기도 고양시 일산동구,세원고등학교,8,174,8,147,8,187
경기도 시흥시,소래고등학교,13,360,14,362,14,399
경기도 부천시,소명여자고등학교,11,273,11,234,11,296
경기도 부천시,소사고등학교,10,193,10,186,10,236
경기도 광명시,소하고등학교,12,344,12,313,15,411
경기도 성남시 분당구,송림고등학교,10,277,10,257,11,300
경기도 화성시,송산고등학교,4,110,4,86,4,87
경기도 평택시,송탄고등학교,6,163,6,142,6,170
경기도 평택시,라온고등학교,6,161,6,161,6,174
경기도 의정부시,송현고등학교,11,286,11,299,11,326
경기도 성남시 분당구,수내고등학교,10,279,10,250,10,246
경기도 군포시,수리고등학교,15,391,15,407,14,390
경기도 수원시 장안구,수성고등학교,12,321,12,296,13,373
경기도 화성시,홍익디자인고등학교,4,113,4,101,4,105
경기도 수원시 팔달구,수원고등학교,13,341,13,339,14,388
경기도 수원시 팔달구,수원공업고등학교,15,426,15,409,15,426
경기도 수원시 장안구,수원농생명과학고등학교,10,284,10,264,10,268
경기도 수원시 팔달구,수원여자고등학교,12,314,12,305,12,340
경기도 수원시 영통구,수원정보과학고등학교,9,248,9,238,9,242
경기도 수원시 권선구,한봄고등학교,10,269,10,219,10,241
경기도 수원시 장안구,수일고등학교,12,314,12,280,12,335
경기도 용인시 수지구,수지고등학교,13,425,13,394,13,448
경기도 구리시,수택고등학교,9,242,9,232,11,278
경기도 수원시 팔달구,숙지고등학교,12,311,12,276,12,329
경기도 성남시 중원구,숭신여자고등학교,10,226,10,210,11,278
경기도 부천시,시온고등학교,12,298,12,262,13,346
경기도 시흥시,시화공업고등학교,9,96,9,81,9,143
경기도 용인시 기흥구,신갈고등학교,10,301,10,270,10,292
경기도 안양시 만안구,신성고등학교,12,334,12,324,13,383
경기도 고양시 일산서구,신일비즈니스고등학교,13,186,12,162,12,284
경기도 평택시,신한고등학교,10,307,10,271,10,294
경기도 동두천시,신흥고등학교,4,117,4,95,4,102
경기도 남양주시,심석고등학교,12,349,12,330,12,376
경기도 부천시,심원고등학교,10,246,10,248,10,263
경기도 안성시,안법고등학교,8,242,8,224,8,222
경기도 안산시 단원구,안산강서고등학교,13,303,13,280,15,376
경기도 안산시 상록구,안산국제비즈니스고등학교,14,290,14,243,14,228
경기도 안산시 상록구,안산고등학교,12,296,12,299,13,345
경기도 안산시 상록구,안산공업고등학교,15,376,15,378,15,393
경기도 안산시 상록구,안산동산고등학교,12,335,12,385,12,390
경기도 안산시 상록구,안산디자인문화고등학교,13,326,13,333,13,346
경기도 안성시,안성고등학교,7,215,7,220,7,255
경기도 안성시,두원공업고등학교,8,223,8,232,8,261
경기도 안성시,안성여자고등학교,6,180,6,188,6,218
경기도 안성시,가온고등학교,10,295,10,281,10,311
경기도 안양시 만안구,안양고등학교,12,319,12,303,12,328
경기도 안양시 만안구,안양공업고등학교,15,169,15,201,15,292
경기도 안양시 만안구,안양여자고등학교,8,216,8,210,8,228
경기도 안양시 만안구,안양여자상업고등학교,8,169,9,182,9,191
경기도 안양시 만안구,안양예술고등학교,8,311,8,266,8,285
경기도 안양시 만안구,안양외국어고등학교,10,232,10,221,10,240
경기도 평택시,경기물류고등학교,6,154,6,149,6,145
경기도 평택시,안중고등학교,8,170,8,167,8,219
경기도 성남시 분당구,야탑고등학교,10,274,10,250,10,270
경기도 김포시,양곡고등학교,7,215,7,191,7,194
경기도 양평군,양동고등학교,3,71,3,60,3,73
경기도 안양시 만안구,양명고등학교,13,378,13,350,13,396
경기도 안양시 만안구,양명여자고등학교,13,366,13,334,13,383
경기도 양평군,양서고등학교,9,230,9,214,9,234
경기도 성남시 분당구,양영디지털고등학교,9,190,9,189,9,169
경기도 양평군,양일고등학교,8,225,8,202,8,242
경기도 안산시 단원구,양지고등학교,12,280,12,251,14,340
경기도 양평군,양평전자과학고등학교,4,68,4,70,4,107
경기도 양평군,양평고등학교,7,180,7,182,7,195
경기도 여주시,여강고등학교,3,83,3,81,3,89
경기도 여주시,여주고등학교,6,167,6,159,6,161
경기도 여주시,세종고등학교,6,170,6,171,6,172
경기도 여주시,여주자영농업고등학교,5,137,5,148,5,141
경기도 여주시,여주제일고등학교,6,135,6,160,6,176
경기도 연천군,연천고등학교,4,46,4,56,4,74
경기도 수원시 영통구,영덕고등학교,13,366,13,346,15,441
경기도 성남시 분당구,분당영덕여자고등학교,10,269,10,238,11,288
경기도 수원시 팔달구,영복여자고등학교,12,314,12,278,12,315
경기도 포천시,영북고등학교,3,52,3,49,3,45
경기도 수원시 장안구,영생고등학교,12,317,12,280,12,331
경기도 의정부시,동국대학교사범대학부속영석고등학교,10,255,10,265,10,281
경기도 수원시 권선구,영신여자고등학교,12,291,12,280,12,296
경기도 오산시,오산고등학교,10,297,10,275,10,319
경기도 오산시,오산정보고등학교,9,243,9,217,9,248
경기도 양평군,용문고등학교,6,136,6,132,6,160
경기도 용인시 처인구,용인고등학교,13,374,13,371,13,393
경기도 용인시 처인구,용인바이오고등학교,4,47,4,39,3,75
경기도 용인시 처인구,덕영고등학교,10,242,10,221,10,252
경기도 군포시,용호고등학교,15,430,15,396,15,442
경기도 의왕시,우성고등학교,12,266,12,254,12,315
경기도 안산시 단원구,원곡고등학교,14,325,14,306,16,399
경기도 부천시,원미고등학교,10,257,10,268,10,287
경기도 부천시,원종고등학교,10,234,10,252,10,275
경기도 수원시 팔달구,유신고등학교,13,347,13,329,14,391
경기도 파주시,율곡고등학교,6,131,6,118,6,142
경기도 이천시,율면고등학교,1,17,1,17,1,20
경기도 시흥시,은행고등학교,12,333,12,296,12,362
경기도 평택시,은혜고등학교,10,268,10,251,10,277
경기도 의정부시,의정부고등학교,13,322,13,323,13,354
경기도 의정부시,의정부공업고등학교,18,363,18,386,18,437
경기도 의정부시,의정부여자고등학교,11,264,13,250,13,260
경기도 성남시 분당구,이매고등학교,10,285,10,251,10,286
경기도 이천시,이천고등학교,10,262,10,267,10,300
경기도 이천시,이천제일고등학교,15,387,15,398,15,390
경기도 이천시,이천양정여자고등학교,10,261,10,265,10,294
경기도 이천시,다산고등학교,8,209,8,214,8,222
경기도 여주시,이포고등학교,3,33,3,34,3,56
경기도 구리시,인창고등학교,9,246,9,239,11,279
경기도 포천시,일동고등학교,5,91,5,69,6,105
경기도 고양시 일산서구,일산고등학교,10,250,10,264,10,252
경기도 고양시 일산서구,일산대진고등학교,13,350,13,332,15,404
경기도 고양시 일산서구,일산동고등학교,12,323,12,326,12,352
경기도 고양시 일산서구,일산국제컨벤션고등학교,12,296,12,242,12,280
경기도 안성시,일죽고등학교,2,41,2,49,2,48
경기도 시흥시,장곡고등학교,9,239,9,223,9,264
경기도 수원시 장안구,장안고등학교,10,272,10,247,10,294
경기도 이천시,부원고등학교,5,121,6,132,6,156
경기도 이천시,장호원고등학교,5,117,5,114,5,136
경기도 고양시 일산동구,저동고등학교,12,326,12,315,14,377
경기도 파주시,경기세무고등학교,2,27,2,24,2,21
경기도 연천군,전곡고등학교,10,197,10,240,10,262
경기도 여주시,점동고등학교,2,53,2,51,2,57
경기도 부천시,정명고등학교,12,268,12,240,13,241
경기도 부천시,경기경영고등학교,11,256,11,240,11,243
경기도 고양시 일산동구,정발고등학교,12,327,12,295,13,337
경기도 시흥시,정왕고등학교,12,387,10,309,11,315
경기도 가평군,조종고등학교,4,47,4,58,4,73
경기도 고양시 일산서구,주엽고등학교,13,358,13,347,15,424
경기도 고양시 일산서구,경기영상과학고등학교,10,253,10,255,10,257
경기도 안성시,죽산고등학교,4,28,4,32,4,42
경기도 용인시 수지구,죽전고등학교,12,376,12,350,12,384
경기도 고양시 일산동구,중산고등학교,12,317,12,299,13,352
경기도 부천시,중원고등학교,10,251,10,237,10,289
경기도 부천시,중흥고등학교,10,255,10,268,10,282
경기도 양평군,지평고등학교,3,29,2,24,2,28
경기도 남양주시,진건고등학교,12,337,12,323,12,356
경기도 광명시,진성고등학교,10,243,10,216,10,244
경기도 평택시,진위고등학교,8,113,8,139,8,173
경기도 여주시,경기관광고등학교,4,103,4,103,4,91
경기도 수원시 팔달구,창현고등학교,14,379,14,368,16,447
경기도 평택시,청담고등학교,9,217,9,241,9,245
경기도 수원시 영통구,청명고등학교,13,349,13,336,13,355
경기도 양평군,청운고등학교,1,16,1,23,1,30
경기도 가평군,청평고등학교,4,60,4,86,4,103
경기도 남양주시,청학고등학교,8,210,10,169,10,271
경기도 안산시 단원구,초지고등학교,12,277,12,260,14,347
경기도 광명시,충현고등학교,10,210,10,228,10,231
경기도 평택시,태광고등학교,10,271,10,275,10,300
경기도 용인시 처인구,태성고등학교,9,249,9,247,9,252
경기도 성남시 분당구,태원고등학교,12,344,12,320,13,382
경기도 수원시 영통구,태장고등학교,13,350,13,337,15,440
경기도 구리시,토평고등학교,9,241,9,241,11,299
경기도 김포시,통진고등학교,10,265,10,233,10,252
경기도 남양주시,퇴계원고등학교,12,314,12,317,12,345
경기도 파주시,세경고등학교,10,279,10,292,10,288
경기도 파주시,파주여자고등학교,9,81,9,62,9,114
경기도 파주시,파주고등학교,5,103,5,111,5,111
경기도 수원시 영통구,수원하이텍고등학교,8,163,8,159,8,154
경기도 안양시 동안구,평촌고등학교,13,386,13,363,13,404
경기도 안양시 동안구,평촌공업고등학교,12,302,12,275,12,284
경기도 안양시 동안구,평촌경영고등학교,13,324,13,312,13,308
경기도 평택시,평택고등학교,9,279,9,254,9,276
경기도 평택시,평택기계공업고등학교,8,162,8,153,8,150
경기도 평택시,평택여자고등학교,12,359,12,323,12,350
경기도 포천시,포천고등학교,10,247,10,233,10,246
경기도 포천시,포천일고등학교,11,147,11,184,11,247
경기도 용인시 수지구,풍덕고등학교,14,465,14,422,14,476
경기도 성남시 수정구,풍생고등학교,10,240,10,219,11,271
경기도 하남시,하남고등학교,10,279,10,250,10,257
경기도 하남시,하남경영고등학교,12,191,12,240,12,263
경기도 김포시,하성고등학교,5,96,5,84,5,87
경기도 평택시,한광고등학교,10,309,10,278,10,303
경기도 평택시,한광여자고등학교,11,336,11,306,11,293
경기도 평택시,한국관광고등학교,3,85,3,82,3,89
경기도 이천시,한국도예고등학교,3,76,3,74,3,68
경기도 안산시 단원구,한국디지털미디어고등학교,6,208,6,199,6,214
경기도 하남시,한국애니메이션고등학교,4,100,4,95,4,100
경기도 시흥시,한국조리과학고등학교,6,244,6,246,6,238
경기도 성남시 분당구,한솔고등학교,10,286,10,256,10,288
경기도 시흥시,경기자동차과학고등학교,8,240,8,229,8,216
경기도 시흥시,함현고등학교,10,307,10,254,10,287
경기도 고양시 덕양구,행신고등학교,12,313,12,279,12,314
경기도 의정부시,호원고등학교,11,281,11,290,11,311
경기도 화성시,화성고등학교,9,276,9,279,9,333
경기도 고양시 덕양구,화수고등학교,12,313,12,288,12,330
경기도 고양시 덕양구,화정고등학교,12,311,12,268,12,310
경기도 수원시 권선구,화홍고등학교,13,342,13,321,14,394
경기도 평택시,효명고등학교,10,274,10,274,10,293
경기도 성남시 수정구,효성고등학교,10,220,10,206,10,253
경기도 수원시 영통구,효원고등학교,13,356,13,331,14,411
경기도 군포시,흥진고등학교,13,335,14,351,14,384
경기도 성남시 분당구,돌마고등학교,9,244,9,234,9,270
경기도 의정부시,부용고등학교,10,253,10,264,10,283
경기도 부천시,경기예술고등학교,6,248,6,241,6,234
경기도 안산시 상록구,송호고등학교,14,349,14,363,16,495
경기도 시흥시,시흥고등학교,12,327,12,320,13,386
경기도 오산시,운천고등학교,10,295,10,280,10,331
경기도 용인시 수지구,서원고등학교,12,377,12,328,12,372
경기도 수원시 장안구,천천고등학교,10,266,10,239,10,290
경기도 수원시 장안구,조원고등학교,10,254,10,227,10,277
경기도 성남시 분당구,늘푸른고등학교,10,270,10,252,10,283
경기도 안양시 만안구,충훈고등학교,11,277,11,263,12,281
경기도 부천시,상일고등학교,9,209,10,178,10,268
경기도 부천시,송내고등학교,10,235,10,210,10,246
경기도 용인시 기흥구,구성고등학교,10,284,10,266,10,299
경기도 수원시 영통구,매탄고등학교,12,323,12,298,12,318
경기도 안양시 동안구,인덕원고등학교,11,310,11,296,12,320
경기도 부천시,범박고등학교,10,249,10,253,10,266
경기도 양주시,덕계고등학교,8,258,8,250,8,269
경기도 안산시 단원구,단원고등학교,11,248,12,247,12,272
경기도 시흥시,군서고등학교,10,323,10,300,10,304
경기도 고양시 일산동구,풍동고등학교,10,265,10,264,10,266
경기도 남양주시,도농고등학교,10,290,10,275,11,322
경기도 남양주시,평내고등학교,10,291,10,283,10,313
경기도 하남시,신장고등학교,8,221,8,198,8,195
경기도 이천시,효양고등학교,10,260,10,248,10,281
경기도 용인시 기흥구,보정고등학교,11,339,11,295,11,351
경기도 김포시,풍무고등학교,12,390,10,334,12,389
경기도 화성시,병점고등학교,10,349,10,313,10,354
경기도 파주시,봉일천고등학교,10,269,10,252,10,299
경기도 파주시,교하고등학교,10,314,10,278,10,302
경기도 의정부시,상우고등학교,10,251,10,251,10,289
경기도 성남시 분당구,이우고등학교,4,82,4,76,4,79
경기도 의왕시,경기외국어고등학교,8,204,8,200,8,204
경기도 의정부시,경기북과학고등학교,5,101,5,104,5,68
경기도 동두천시,동두천외국어고등학교,8,214,8,192,8,204
경기도 파주시,금촌고등학교,12,343,12,338,12,350
경기도 용인시 처인구,용인한국외국어대학교부설고등학교,10,358,10,366,10,358
경기도 양주시,양주백석고등학교,9,225,9,240,9,291
경기도 성남시 분당구,성남외국어고등학교,8,213,8,211,8,205
경기도 안산시 상록구,성포고등학교,12,294,12,308,13,388
경기도 수원시 영통구,수원외국어고등학교,8,216,8,204,8,209
경기도 가평군,청심국제고등학교,4,105,4,103,4,101
경기도 평택시,현화고등학교,10,261,10,262,10,272
경기도 남양주시,호평고등학교,10,269,10,271,10,293
경기도 김포시,김포외국어고등학교,8,183,8,166,8,175
경기도 용인시 기흥구,용인백현고등학교,9,275,9,248,9,276
경기도 안성시,한겨레고등학교,2,22,2,21,2,46
경기도 고양시 일산서구,가좌고등학교,12,319,12,307,12,328
경기도 양주시,양주고등학교,8,172,8,165,8,201
경기도 포천시,송우고등학교,11,321,10,298,11,337
경기도 부천시,상원고등학교,10,250,10,265,10,286
경기도 고양시 덕양구,성사고등학교,10,247,10,236,10,265
경기도 용인시 기흥구,성지고등학교,12,363,12,325,12,353
경기도 용인시 수지구,현암고등학교,8,196,8,194,8,224
경기도 용인시 수지구,홍천고등학교,12,381,12,336,12,383
경기도 의정부시,효자고등학교,11,281,11,292,11,311
경기도 고양시 일산서구,고양예술고등학교,7,286,7,264,7,259
경기도 용인시 수지구,대지고등학교,10,312,10,272,10,329
경기도 화성시,동탄고등학교,10,320,10,329,10,390
경기도 화성시,안화고등학교,10,345,10,329,10,368
경기도 오산시,운암고등학교,8,236,8,231,8,229
경기도 용인시 기흥구,동백고등학교,10,307,10,260,10,311
경기도 수원시 영통구,망포고등학교,10,267,10,259,10,274
경기도 수원시 영통구,매원고등학교,11,289,11,283,11,299
경기도 화성시,반송고등학교,10,345,10,322,10,353
경기도 화성시,봉담고등학교,8,282,8,286,8,317
경기도 화성시,예당고등학교,10,339,10,304,10,299
경기도 부천시,수주고등학교,8,157,8,164,8,202
경기도 고양시 덕양구,고양일고등학교,8,204,8,187,8,205
경기도 고양시 일산동구,안곡고등학교,12,319,12,314,12,334
경기도 남양주시,와부고등학교,8,247,8,216,8,203
경기도 수원시 권선구,고색고등학교,10,260,10,253,10,267
경기도 화성시,나루고등학교,8,255,8,248,8,284
경기도 용인시 기흥구,보라고등학교,8,245,8,214,8,249
경기도 용인시 기흥구,초당고등학교,10,297,10,263,10,305
경기도 성남시 수정구,복정고등학교,8,187,8,163,8,174
경기도 용인시 처인구,포곡고등학교,10,279,10,283,10,305
경기도 화성시,향남고등학교,8,233,8,258,8,286
경기도 용인시 기흥구,청덕고등학교,10,295,10,260,10,282
경기도 시흥시,시흥능곡고등학교,11,297,11,314,11,339
경기도 시흥시,시흥매화고등학교,8,205,8,205,8,224
경기도 의정부시,발곡고등학교,10,255,11,266,11,260
경기도 시흥시,신천고등학교,10,260,10,255,10,279
경기도 안산시 단원구,선부고등학교,12,265,12,230,12,272
경기도 남양주시,오남고등학교,12,350,12,336,12,364
경기도 의왕시,의왕고등학교,8,177,8,185,8,221
경기도 평택시,이충고등학교,10,269,10,268,10,290
경기도 김포시,장기고등학교,10,323,10,300,10,327
경기도 안산시 단원구,신길고등학교,12,271,12,254,12,290
경기도 광주시,광남고등학교,10,253,10,248,10,333
경기도 안산시 상록구,광덕고등학교,11,249,11,243,12,284
경기도 용인시 기흥구,흥덕고등학교,9,228,9,241,9,253
경기도 양주시,덕현고등학교,12,395,10,320,12,402
경기도 고양시 덕양구,서정고등학교,12,304,12,275,12,313
경기도 광명시,운산고등학교,10,269,10,249,10,265
경기도 파주시,운정고등학교,12,378,12,323,12,347
경기도 남양주시,마석고등학교,11,320,11,306,11,326
경기도 안산시 상록구,상록고등학교,13,336,13,340,13,402
경기도 남양주시,진접고등학교,12,343,12,323,12,346
경기도 평택시,청북고등학교,9,270,9,233,9,261
경기도 오산시,세마고등학교,10,290,10,278,10,294
경기도 화성시,능동고등학교,8,265,8,267,8,314
경기도 김포시,마송고등학교,8,129,8,86,8,47
경기도 의왕시,모락고등학교,8,179,8,184,8,226
경기도 광주시,경화여자English Business고등학교,5,124,5,141,5,144
경기도 안성시,경기창조고등학교,10,292,10,299,10,310
경기도 성남시 분당구,보평고등학교,8,221,8,208,8,232
경기도 성남시 분당구,운중고등학교,8,222,8,204,8,229
경기도 남양주시,가운고등학교,11,324,11,284,11,323
경기도 파주시,동패고등학교,12,378,12,330,12,346
경기도 부천시,역곡고등학교,6,143,6,130,6,128
경기도 성남시 분당구,판교고등학교,8,209,8,187,8,218
경기도 오산시,세교고등학교,10,310,10,285,10,349
경기도 용인시 기흥구,서천고등학교,9,262,9,217,9,253
경기도 용인시 수지구,성복고등학교,12,388,12,345,12,381
경기도 고양시 일산서구,대화고등학교,12,326,12,313,12,325
경기도 이천시,이현고등학교,10,264,10,271,10,302
경기도 광주시,초월고등학교,12,325,12,326,12,392
경기도 화성시,향일고등학교,8,241,8,253,8,281
경기도 남양주시,판곡고등학교,12,350,12,324,12,369
경기도 수원시 영통구,광교고등학교,10,282,10,263,10,330
경기도 수원시 팔달구,율천고등학교,6,152,6,128,6,125
경기도 고양시 일산서구,덕이고등학교,12,309,12,294,12,323
경기도 의정부시,송양고등학교,12,307,12,323,12,348
경기도 남양주시,별내고등학교,10,261,12,279,12,347
경기도 군포시,군포중앙고등학교,8,213,8,202,8,210
경기도 용인시 수지구,상현고등학교,10,322,10,300,10,318
경기도 김포시,솔터고등학교,10,330,10,254,10,212
경기도 용인시 수지구,신봉고등학교,12,369,12,322,12,355
경기도 평택시,비전고등학교,10,321,10,286,10,305
경기도 안산시 상록구,부곡고등학교,12,288,12,301,12,315
경기도 하남시,풍산고등학교,8,219,8,206,8,206
경기도 수원시 권선구,호매실고등학교,8,218,8,204,8,218
경기도 고양시 일산동구,고양국제고등학교,8,204,8,200,8,189
경기도 고양시 일산동구,저현고등학교,12,322,12,306,12,325
경기도 화성시,동탄국제고등학교,8,206,8,192,8,192
경기도 고양시 덕양구,고양동산고등학교,8,210,8,204,8,229
경기도 광명시,광휘고등학교,10,262,10,265,10,285
경기도 화성시,화성반월고등학교,9,294,9,281,9,334
경기도 오산시,매홀고등학교,10,284,10,254,10,209
경기도 수원시 권선구,수원칠보고등학교,10,273,10,250,10,288
경기도 수원시 권선구,곡정고등학교,10,257,10,229,10,289
경기도 김포시,운양고등학교,10,325,10,310,10,332
경기도 파주시,한민고등학교,13,369,13,347,13,323
경기도 고양시 덕양구,도래울고등학교,10,265,10,229,10,242
경기도 양주시,옥정고등학교,10,322,10,298,10,282
경기도 하남시,미사고등학교,8,222,8,204,8,203
경기도 화성시,한백고등학교,10,351,10,339,10,394
경기도 화성시,동탄중앙고등학교,10,333,10,321,10,374
경기도 수원시 영통구,이의고등학교,12,331,12,304,12,365
경기도 김포시,김포제일고등학교,12,365,12,345,12,356
경기도 파주시,지산고등학교,12,381,12,335,12,369
경기도 남양주시,별가람고등학교,10,244,12,98,8,210
경기도 구리시,갈매고등학교,9,249,9,190,8,214
경기도 파주시,한빛고등학교,12,372,12,338,12,353
경기도 하남시,미사강변고등학교,8,149,8,106,6,145
경기도 광주시,태전고등학교,10,285,10,252,0,0
경기도 용인시 처인구,용인삼계고등학교,8,213,8,220,8,230
경기도 용인시 처인구,고림고등학교,12,340,12,343,12,373
경기도 시흥시,배곧고등학교,10,330,10,308,10,317
경기도 하남시,위례고등학교,6,76,6,47,6,66
경기도 화성시,하길고등학교,10,279,10,158,10,212
경기도 성남시 수정구,위례한빛고등학교,12,284,12,269,12,274
경기도 화성시,이산고등학교,12,361,12,261,0,0
경기도 화성시,창의고등학교,12,369,12,287,12,236
경기도 화성시,정현고등학교,12,351,0,0,0,0
경기도 수원시 장안구,수성고등학교부설방송통신고등학교,5,140,5,135,5,149
경기도 수원시 팔달구,수원여자고등학교부설방송통신고등학교,4,82,4,92,4,107
경기도 의정부시,호원고등학교부설방송통신고등학교,5,138,5,148,5,149
경기도 성남시 분당구,서현고등학교부설방송통신고등학교,3,83,3,78,2,60
경기도 부천시,상동고등학교부설방송통신고등학교,3,64,3,74,3,71
강원도 춘천시,강원대학교사범대학부설고등학교,9,239,9,248,9,268
강원도 삼척시,가곡고등학교,1,1,1,1,1,5
강원도 화천군,간동고등학교,1,9,1,14,1,14
강원도 횡성군,갑천고등학교,1,13,1,19,1,21
강원도 강릉시,강릉고등학교,8,178,9,184,9,223
강원도 강릉시,강릉중앙고등학교,10,239,10,210,10,201
강원도 강릉시,강릉명륜고등학교,8,176,9,182,9,220
강원도 강릉시,강릉문성고등학교,10,236,10,239,10,258
강원도 강릉시,강릉여자고등학교,10,253,10,253,10,289
강원도 강릉시,강릉정보공업고등학교,6,93,6,100,6,123
강원도 강릉시,강릉제일고등학교,7,153,8,159,8,193
강원도 춘천시,강원고등학교,8,206,8,216,8,237
강원도 원주시,강원과학고등학교,3,59,3,59,3,48
강원도 강릉시,강원예술고등학교,3,69,3,68,3,75
강원도 춘천시,강원체육고등학교,3,81,3,82,3,64
강원도 강릉시,강일여자고등학교,10,252,10,250,10,282
강원도 고성군,거진정보공업고등학교,2,5,2,19,2,20
강원도 강릉시,경포고등학교,8,195,8,195,8,212
강원도 고성군,고성고등학교,4,84,4,69,4,91
강원도 정선군,고한고등학교,2,3,2,16,2,18
강원도 인제군,기린고등학교,2,46,2,24,2,34
강원도 철원군,김화고등학교,3,53,3,73,3,66
강원도 철원군,김화공업고등학교,3,27,3,41,3,35
강원도 홍천군,내면고등학교,1,8,1,12,1,12
강원도 평창군,상지대관령고등학교,2,34,2,36,2,41
강원도 원주시,대성고등학교,10,280,10,286,10,323
강원도 고성군,대진고등학교,1,6,1,7,1,4
강원도 평창군,대화고등학교,2,29,2,32,2,42
강원도 삼척시,도계고등학교,3,40,3,38,3,40
강원도 삼척시,도계전산정보고등학교,2,6,2,20,2,19
강원도 고성군,동광산업과학고등학교,5,57,6,73,6,60
강원도 동해시,동해광희고등학교,10,240,10,237,10,265
강원도 동해시,동해삼육고등학교,2,50,2,41,2,37
강원도 동해시,동해상업고등학교,4,90,4,80,4,70
강원도 횡성군,둔내고등학교,1,21,1,16,1,10
강원도 영월군,마차고등학교,1,10,1,8,1,17
강원도 동해시,묵호고등학교,7,167,7,156,7,185
강원도 횡성군,민족사관고등학교,11,156,11,156,11,146
강원도 춘천시,봉의고등학교,10,266,10,275,10,310
강원도 평창군,봉평고등학교,2,34,2,35,2,41
강원도 원주시,원주금융회계고등학교,1,25,1,25,1,24
강원도 원주시,북원여자고등학교,12,337,12,338,12,372
강원도 동해시,북평고등학교,8,191,8,183,8,217
강원도 동해시,북평여자고등학교,7,168,7,156,7,189
강원도 화천군,사내고등학교,2,35,2,33,2,39
강원도 정선군,사북고등학교,2,40,2,36,2,54
강원도 삼척시,삼일고등학교,3,73,3,72,3,68
강원도 삼척시,삼척고등학교,5,115,6,148,6,135
강원도 삼척시,삼척여자고등학교,7,162,7,166,7,166
강원도 삼척시,삼척마이스터고등학교,4,80,4,76,4,74
강원도 영월군,상동고등학교,1,4,1,1,1,1
강원도 원주시,상지여자고등학교,11,304,11,302,11,335
강원도 홍천군,서석고등학교,1,17,1,18,2,29
강원도 영월군,석정여자고등학교,6,91,6,116,6,125
강원도 춘천시,성수고등학교,8,206,8,208,8,241
강원도 춘천시,성수여자고등학교,7,176,7,181,7,196
강원도 속초시,속초고등학교,10,250,10,246,10,297
강원도 속초시,설악고등학교,10,251,10,254,10,295
강원도 속초시,속초여자고등학교,10,250,10,239,10,292
강원도 인제군,신남고등학교,1,21,1,15,1,18
강원도 철원군,신철원고등학교,4,87,4,107,4,106
강원도 횡성군,안흥고등학교,1,16,1,3,1,5
강원도 양구군,양구여자고등학교,3,68,3,67,3,82
강원도 양구군,양구고등학교,3,67,3,74,3,81
강원도 양양군,양양고등학교,7,168,7,140,8,171
강원도 정선군,여량고등학교,1,4,1,2,1,16
강원도 영월군,영월고등학교,4,92,4,91,4,117
강원도 영월군,영월공업고등학교,4,30,4,31,4,47
강원도 삼척시,원덕고등학교,1,11,1,10,1,22
강원도 원주시,원주고등학교,11,314,11,308,11,344
강원도 원주시,원주공업고등학교,12,292,12,282,12,308
강원도 원주시,영서고등학교,11,292,11,229,11,294
강원도 원주시,원주삼육고등학교,4,114,4,108,4,120
강원도 원주시,원주여자고등학교,11,311,11,309,11,348
강원도 원주시,원주의료고등학교,6,120,6,117,6,113
강원도 인제군,원통고등학교,3,67,3,46,4,89
강원도 춘천시,유봉여자고등학교,10,259,10,266,10,295
강원도 원주시,육민관고등학교,10,286,10,284,10,320
강원도 인제군,인제고등학교,3,52,3,60,3,69
강원도 정선군,임계고등학교,1,8,1,11,1,22
강원도 태백시,장성여자고등학교,5,122,5,114,5,133
강원도 정선군,정선고등학교,4,90,4,84,4,100
강원도 정선군,정선정보공업고등학교,3,45,3,59,3,73
강원도 강릉시,주문진고등학교,4,95,4,91,4,97
강원도 영월군,주천고등학교,2,44,2,30,2,32
강원도 원주시,진광고등학교,10,282,10,281,10,315
강원도 평창군,진부고등학교,3,54,3,66,3,71
강원도 태백시,철암고등학교,1,6,1,14,1,9
강원도 철원군,철원고등학교,4,94,4,94,4,102
강원도 철원군,철원여자고등학교,4,92,4,104,4,104
강원도 춘천시,춘천고등학교,10,261,10,267,10,310
강원도 춘천시,춘천기계공업고등학교,14,334,14,357,14,373
강원도 춘천시,소양고등학교,7,128,7,76,7,88
강원도 춘천시,춘천한샘고등학교,8,198,8,188,10,243
강원도 춘천시,춘천여자고등학교,11,287,11,300,11,329
강원도 태백시,태백기계공업고등학교,5,58,7,83,7,116
강원도 평창군,평창고등학교,4,93,4,87,4,95
강원도 삼척시,하장고등학교,1,6,1,3,1,3
강원도 정선군,함백고등학교,2,33,2,25,2,23
강원도 홍천군,홍천고등학교,7,182,7,187,7,210
강원도 홍천군,홍천농업고등학교,4,80,4,79,4,55
강원도 홍천군,홍천여자고등학교,7,181,7,192,7,213
강원도 홍천군,강원생활과학고등학교,3,71,3,64,3,60
강원도 화천군,화천고등학교,3,69,3,72,3,62
강원도 화천군,화천정보산업고등학교,3,36,3,45,3,47
강원도 태백시,황지고등학교,6,143,6,144,6,157
강원도 태백시,황지정보산업고등학교,3,35,3,49,3,29
강원도 횡성군,횡성고등학교,5,114,5,118,5,112
강원도 횡성군,횡성여자고등학교,5,111,5,118,5,115
강원도 원주시,치악고등학교,10,280,10,280,10,326
강원도 춘천시,전인고등학교,2,31,2,30,2,21
강원도 홍천군,팔렬고등학교,1,10,1,17,1,13
강원도 춘천시,강원애니고등학교,3,62,3,55,3,59
강원도 원주시,문막고등학교,3,76,3,68,3,56
강원도 양구군,강원외국어고등학교,5,123,5,114,5,117
강원도 횡성군,현천고등학교,3,45,3,43,3,44
강원도 동해시,묵호고등학교부설방송통신고등학교,1,29,1,30,1,13
강원도 속초시,설악고등학교부설방송통신고등학교,1,21,2,30,1,15
강원도 원주시,원주고등학교부설방송통신고등학교,3,90,3,85,2,39
강원도 춘천시,춘천고등학교부설방송통신고등학교,1,50,1,43,1,19
강원도 춘천시,춘천여자고등학교부설방송통신고등학교,2,48,2,52,2,38
강원도 태백시,황지고등학교부설방송통신고등학교,1,10,1,17,1,15
강원도 강릉시,강릉제일고등학교부설방송통신고등학교,4,81,3,61,1,20
충청북도 청주시 흥덕구,한국교원대학교부설고등학교,4,116,4,96,4,121
충청북도 청주시 흥덕구,충북대학교사범대학부설고등학교,6,175,6,168,6,188
충청북도 진천군,광혜원고등학교,4,100,4,104,4,107
충청북도 괴산군,괴산고등학교,4,105,4,102,4,124
충청북도 음성군,충북반도체고등학교,6,120,6,114,5,99
충청북도 청주시 상당구,금천고등학교,9,265,9,258,10,322
충청북도 단양군,단양고등학교,5,120,5,134,5,158
충청북도 단양군,한국호텔관광고등학교,3,63,3,65,2,54
충청북도 청주시 상당구,대성여자상업고등학교,10,261,10,268,10,278
충청북도 충주시,충주대원고등학교,9,224,9,229,9,257
충청북도 음성군,매괴고등학교,5,120,5,133,6,179
충청북도 괴산군,목도고등학교,1,25,1,18,1,20
충청북도 청주시 상당구,충북에너지고등학교,4,80,4,75,4,76
충청북도 보은군,보은고등학교,4,88,4,95,4,120
충청북도 보은군,보은여자고등학교,2,47,2,50,2,52
충청북도 보은군,충북생명산업고등학교,4,79,4,77,4,80
충청북도 보은군,보은정보고등학교,1,16,2,26,2,41
충청북도 청주시 상당구,상당고등학교,9,264,9,252,9,276
충청북도 청주시 서원구,세광고등학교,9,261,9,258,10,311
충청북도 제천시,세명고등학교,8,188,8,197,9,253
충청북도 청주시 청원구,청주신흥고등학교,9,266,9,251,10,316
충청북도 청주시 흥덕구,양업고등학교,2,40,2,40,2,40
충청북도 영동군,영동고등학교,6,139,6,146,6,155
충청북도 영동군,영동산업과학고등학교,3,43,3,49,3,60
충청북도 영동군,영동인터넷고등학교,4,85,4,96,4,96
충청북도 청주시 청원구,오창고등학교,5,127,5,117,5,97
충청북도 옥천군,옥천고등학교,8,203,8,185,8,254
충청북도 옥천군,충북산업과학고등학교,4,81,4,93,4,95
충청북도 청주시 서원구,운호고등학교,9,263,9,250,10,319
충청북도 음성군,음성고등학교,6,145,6,165,7,211
충청북도 제천시,제천산업고등학교,5,113,5,112,6,143
충청북도 청주시 상당구,일신여자고등학교,10,294,10,281,11,336
충청북도 제천시,제천고등학교,8,190,8,199,8,233
충청북도 제천시,제천디지털전자고등학교,5,74,5,69,5,89
충청북도 제천시,제천제일고등학교,7,175,7,179,7,198
충청북도 제천시,제천상업고등학교,6,135,6,132,6,151
충청북도 제천시,제천여자고등학교,8,192,8,202,9,251
충청북도 충주시,주덕고등학교,1,24,1,17,1,7
충청북도 충주시,충주중산고등학교,7,176,7,173,8,226
충청북도 증평군,증평공업고등학교,8,143,7,90,6,89
충청북도 증평군,증평정보고등학교,6,129,6,111,6,104
충청북도 진천군,진천고등학교,6,146,6,149,7,195
충청북도 진천군,한국바이오마이스터고등학교,6,121,6,111,5,93
충청북도 진천군,진천상업고등학교,4,92,4,96,4,104
충청북도 옥천군,청산고등학교,1,25,1,25,1,26
충청북도 청주시 상당구,청석고등학교,9,262,9,252,10,311
충청북도 청주시 흥덕구,청주고등학교,12,341,12,319,12,357
충청북도 청주시 상당구,청주공업고등학교,14,369,14,394,14,412
충청북도 청주시 청원구,청주농업고등학교,10,258,10,269,10,265
충청북도 청주시 청원구,청주대성고등학교,9,259,9,255,9,277
충청북도 청주시 청원구,청주여자고등학교,10,290,10,279,11,354
충청북도 청주시 서원구,청주여자상업고등학교,8,210,8,223,8,219
충청북도 청주시 흥덕구,청주외국어고등학교,8,187,8,189,8,183
충청북도 청주시 서원구,청주중앙여자고등학교,10,290,10,283,10,323
충청북도 청주시 서원구,충북고등학교,10,246,10,254,9,285
충청북도 청주시 흥덕구,충북공업고등학교,12,308,12,322,12,339
충청북도 청주시 상당구,충북과학고등학교,3,55,3,54,2,30
충청북도 청주시 서원구,충북여자고등학교,9,262,9,252,9,272
충청북도 청주시 흥덕구,충북예술고등학교,4,94,4,100,4,94
충청북도 청주시 청원구,충북상업정보고등학교,8,196,10,211,10,244
충청북도 청주시 서원구,청주하이텍고등학교,6,155,6,160,6,166
충청북도 진천군,충북체육고등학교,3,96,3,82,3,77
충청북도 충주시,충원고등학교,4,95,4,93,4,90
충청북도 충주시,충주고등학교,9,218,9,204,9,243
충청북도 충주시,충주공업고등학교,7,164,7,168,8,205
충청북도 충주시,국원고등학교,5,121,5,117,6,147
충청북도 충주시,충주상업고등학교,7,159,7,164,8,190
충청북도 충주시,충주여자고등학교,9,225,9,223,9,249
충청북도 충주시,한림디자인고등학교,8,183,8,176,9,218
충청북도 충주시,충주예성여자고등학교,9,214,9,206,9,238
충청북도 영동군,학산고등학교,1,19,1,7,1,16
충청북도 청주시 서원구,현도정보고등학교,8,189,8,140,8,192
충청북도 증평군,형석고등학교,4,100,4,101,4,120
충청북도 영동군,황간고등학교,1,23,1,24,2,51
충청북도 청주시 흥덕구,흥덕고등학교,10,296,10,286,10,305
충청북도 청주시 흥덕구,서원고등학교,10,256,10,288,10,317
충청북도 청주시 상당구,주성고등학교,9,261,9,258,9,290
충청북도 청주시 청원구,양청고등학교,8,220,8,205,8,247
충청북도 청주시 청원구,청원고등학교,8,228,8,207,8,233
충청북도 청주시 서원구,산남고등학교,9,267,9,256,10,307
충청북도 청주시 흥덕구,봉명고등학교,8,236,8,226,8,251
충청북도 청주시 흥덕구,오송고등학교,8,225,8,204,8,221
충청북도 음성군,대금고등학교,6,143,6,157,6,178
충청북도 진천군,서전고등학교,8,178,8,163,8,165
충청북도 청주시 흥덕구,청주고등학교부설방송통신고등학교,3,90,4,114,4,111
충청북도 충주시,충주고등학교부설방송통신고등학교,2,34,2,36,2,32
충청남도 공주시,공주대학교사범대학부설고등학교,6,169,6,177,6,179
충청남도 홍성군,갈산고등학교,3,68,3,51,3,68
충청남도 논산시,강경고등학교,3,70,3,59,3,68
충청남도 논산시,강상고등학교,5,90,5,90,5,91
충청남도 논산시,건양대학교병설건양고등학교,4,93,4,74,4,97
충청남도 홍성군,홍성공업고등학교,3,64,3,62,3,67
충청남도 공주시,공주고등학교,8,195,8,203,8,199
충청남도 공주시,공주마이스터고등학교,4,79,4,77,4,76
충청남도 공주시,공주금성여자고등학교,7,167,7,153,8,192
충청남도 공주시,공주생명과학고등학교,8,112,8,136,8,149
충청남도 공주시,공주여자고등학교,7,168,7,155,8,191
충청남도 공주시,공주영명고등학교,6,140,6,145,6,145
충청남도 공주시,공주정보고등학교,4,61,4,74,4,79
충청남도 홍성군,광천고등학교,2,45,2,36,1,23
충청남도 홍성군,광천제일고등학교,2,23,2,19,4,71
충청남도 금산군,금산고등학교,5,110,5,106,6,137
충청남도 금산군,금산산업고등학교,3,54,3,44,3,61
충청남도 금산군,금산여자고등학교,5,112,5,114,5,122
충청남도 논산시,논산고등학교,4,93,4,99,4,115
충청남도 논산시,논산공업고등학교,7,104,7,114,8,151
충청남도 논산시,논산대건고등학교,8,202,8,206,8,219
충청남도 논산시,논산여자고등학교,5,120,5,117,5,124
충청남도 논산시,논산여자상업고등학교,7,129,7,132,7,134
충청남도 당진시,당진고등학교,8,236,8,239,8,273
충청남도 당진시,당진정보고등학교,9,225,9,186,9,228
충청남도 보령시,대천고등학교,7,177,7,175,8,212
충청남도 보령시,대천여자고등학교,7,173,8,181,8,210
충청남도 보령시,대천여자상업고등학교,6,116,6,97,6,114
충청남도 예산군,대흥고등학교,2,48,2,45,2,44
충청남도 예산군,덕산고등학교,4,94,3,71,3,68
충청남도 아산시,아산전자기계고등학교,5,113,5,98,5,112
충청남도 태안군,만리포고등학교,2,30,2,41,2,40
충청남도 천안시 동남구,목천고등학교,4,93,4,91,4,99
충청남도 천안시 동남구,병천고등학교,6,156,6,147,6,153
충청남도 천안시 동남구,복자여자고등학교,8,248,8,233,8,281
충청남도 서산시,부석고등학교,5,121,5,134,5,147
충청남도 부여군,부여고등학교,7,160,8,181,8,192
충청남도 부여군,부여여자고등학교,6,138,6,137,6,145
충청남도 부여군,부여전자고등학교,3,36,3,33,3,39
충청남도 부여군,부여정보고등학교,4,59,4,46,4,66
충청남도 예산군,삽교고등학교,5,111,5,114,5,120
충청남도 서산시,서령고등학교,9,244,9,258,9,296
충청남도 서산시,서산고등학교,5,125,4,86,5,110
충청남도 서산시,서산중앙고등학교,8,212,8,220,8,247
충청남도 서산시,서산여자고등학교,9,242,9,239,9,306
충청남도 당진시,서야고등학교,4,89,4,78,4,97
충청남도 서산시,서일고등학교,6,151,6,164,6,184
충청남도 서천군,서천고등학교,5,112,5,108,5,130
충청남도 서천군,서천여자고등학교,4,88,4,88,4,99
충청남도 서천군,서천여자정보고등학교,3,25,3,21,3,25
충청남도 홍성군,서해삼육고등학교,3,70,3,55,3,60
충청남도 천안시 서북구,성환고등학교,6,134,6,124,7,160
충청남도 당진시,송악고등학교,5,135,5,135,5,156
충청남도 당진시,신평고등학교,6,167,6,160,6,192
충청남도 논산시,쌘뽈여자고등학교,6,152,6,150,6,166
충청남도 아산시,아산고등학교,11,360,10,290,11,354
충청남도 태안군,안면고등학교,3,59,3,58,3,60
충청남도 논산시,연무고등학교,6,138,6,143,6,156
충청남도 논산시,연무대기계공업고등학교,5,96,5,92,5,90
충청남도 예산군,예산고등학교,8,186,8,182,8,191
충청남도 예산군,예산여자고등학교,6,135,6,119,6,145
충청남도 예산군,예산예화여자고등학교,6,118,6,113,6,112
충청남도 예산군,예산전자공업고등학교,6,90,6,99,6,124
충청남도 아산시,온양고등학교,11,351,11,324,11,356
충청남도 아산시,온양여자고등학교,11,341,11,301,11,342
충청남도 아산시,온양한올고등학교,11,334,12,322,12,351
충청남도 계룡시,용남고등학교,10,299,10,267,10,283
충청남도 서산시,서산공업고등학교,6,126,6,114,6,133
충청남도 보령시,웅천고등학교,3,64,3,64,3,67
충청남도 서천군,장항고등학교,4,68,3,68,4,93
충청남도 서천군,장항공업고등학교,3,51,3,52,3,56
충청남도 보령시,주산산업고등학교,4,59,4,54,3,58
충청남도 금산군,금산하이텍고등학교,3,44,3,53,3,58
충청남도 천안시 서북구,천안상업고등학교,12,318,12,317,12,353
충청남도 천안시 동남구,천안고등학교,10,309,10,302,10,341
충청남도 천안시 동남구,천안공업고등학교,14,386,14,380,14,440
충청남도 천안시 동남구,천안제일고등학교,10,233,9,199,10,270
충청남도 천안시 동남구,북일고등학교,12,319,12,336,12,344
충청남도 천안시 동남구,북일여자고등학교,8,251,8,241,8,271
충청남도 천안시 동남구,천안여자고등학교,12,367,12,327,12,411
충청남도 천안시 동남구,천안여자상업고등학교,12,322,12,307,13,400
충청남도 천안시 동남구,천안중앙고등학교,13,403,13,401,13,444
충청남도 청양군,정산고등학교,3,61,3,57,3,47
충청남도 공주시,충남과학고등학교,4,78,4,72,4,50
충청남도 천안시 서북구,충남예술고등학교,5,150,5,144,5,140
충청남도 논산시,충남인터넷고등학교,3,41,4,47,2,41
충청남도 논산시,충남체육고등학교,2,80,2,64,2,64
충청남도 보령시,충남해양과학고등학교,4,84,4,83,4,92
충청남도 태안군,태안고등학교,6,137,6,139,6,145
충청남도 태안군,태안여자고등학교,9,197,9,188,9,199
충청남도 서천군,충남디자인예술고등학교,3,60,3,48,3,51
충청남도 공주시,한일고등학교,5,142,5,139,5,143
충청남도 당진시,합덕제철고등학교,5,98,5,85,5,96
충청남도 당진시,합덕여자고등학교,1,10,1,9,2,32
충청남도 당진시,호서고등학교,10,291,10,300,10,343
충청남도 부여군,한국식품마이스터고등학교,3,60,3,52,3,52
충청남도 홍성군,홍성고등학교,10,262,10,252,10,273
충청남도 홍성군,홍성여자고등학교,6,155,6,154,6,165
충청남도 홍성군,홍주고등학교,8,209,8,208,8,225
충청남도 천안시 서북구,천안두정고등학교,13,405,13,409,13,449
충청남도 천안시 서북구,천안월봉고등학교,12,373,12,364,12,425
충청남도 아산시,온양용화고등학교,12,336,11,262,12,323
충청남도 천안시 서북구,천안쌍용고등학교,13,411,13,399,13,449
충청남도 천안시 동남구,한마음고등학교,1,16,1,22,1,21
충청남도 서천군,공동체비전고등학교,2,40,2,38,2,33
충청남도 천안시 서북구,천안신당고등학교,10,242,10,219,9,227
충청남도 아산시,충남외국어고등학교,7,137,7,130,7,160
충청남도 계룡시,계룡고등학교,7,205,7,168,7,191
충청남도 천안시 동남구,천안청수고등학교,12,371,12,375,12,422
충청남도 천안시 서북구,천안업성고등학교,12,294,11,269,12,312
충청남도 천안시 서북구,천안오성고등학교,12,370,12,367,12,421
충청남도 서산시,대산고등학교,6,152,6,158,6,172
충청남도 아산시,설화고등학교,12,382,12,338,12,395
충청남도 청양군,청양고등학교,7,140,7,136,7,150
충청남도 아산시,배방고등학교,12,400,12,364,12,390
충청남도 아산시,충남삼성고등학교,12,337,12,365,10,337
충청남도 천안시 서북구,천안불당고등학교,11,342,11,339,11,362
충청남도 천안시 동남구,천안중앙고등학교부설방송통신고등학교,4,119,4,101,4,111
충청남도 홍성군,홍성고등학교부설방송통신고등학교,2,45,2,54,2,67
전라북도 전주시 덕진구,전북대학교사범대학부설고등학교,8,243,8,226,8,264
전라북도 익산시,전북기계공업고등학교,13,264,13,237,13,257
전라북도 고창군,강호항공고등학교,8,179,8,184,8,191
전라북도 완주군,고산고등학교,3,37,3,39,2,30
전라북도 고창군,고창고등학교,7,134,7,148,7,170
전라북도 고창군,고창북고등학교,5,105,5,98,5,111
전라북도 고창군,고창여자고등학교,7,98,8,131,8,160
전라북도 군산시,군산고등학교,8,216,8,236,8,225
전라북도 군산시,군산기계공업고등학교,7,145,7,139,7,135
전라북도 군산시,한들고등학교,3,58,3,34,3,73
전라북도 군산시,군산동고등학교,8,208,8,225,8,221
전라북도 군산시,군산상업고등학교,10,140,10,171,10,254
전라북도 군산시,군산여자고등학교,10,319,10,304,10,334
전라북도 군산시,군산여자상업고등학교,10,211,10,186,10,261
전라북도 군산시,군산영광여자고등학교,8,245,8,231,8,262
전라북도 군산시,군산제일고등학교,10,262,10,285,10,269
전라북도 군산시,군산중앙고등학교,8,210,8,199,8,262
전라북도 군산시,군산중앙여자고등학교,10,317,10,303,10,339
전라북도 김제시,동국대학교사범대학부속금산고등학교,2,15,2,19,2,49
전라북도 김제시,김제고등학교,2,32,2,23,2,32
전라북도 김제시,김제서고등학교,1,6,1,16,1,23
전라북도 김제시,김제여자고등학교,5,108,6,116,6,100
전라북도 김제시,김제농생명마이스터고등학교,5,92,5,87,5,87
전라북도 익산시,남성고등학교,10,244,10,280,10,321
전라북도 남원시,남원고등학교,6,131,6,128,6,157
전라북도 남원시,남원용성고등학교,4,61,4,69,4,56
전라북도 남원시,남원서진여자고등학교,5,106,5,117,5,128
전라북도 남원시,남원여자고등학교,6,124,6,138,6,158
전라북도 남원시,남원제일고등학교,5,58,6,69,6,94
전라북도 남원시,남원국악예술고등학교,5,73,5,58,5,71
전라북도 김제시,덕암고등학교,7,153,7,152,7,189
전라북도 김제시,덕암정보고등학교,8,170,8,163,8,196
전라북도 순창군,동계고등학교,1,5,1,8,1,9
전라북도 전주시 완산구,동암고등학교,10,260,10,262,10,269
전라북도 진안군,마령고등학교,1,15,1,17,1,11
전라북도 김제시,만경고등학교,2,27,2,29,2,29
전라북도 김제시,만경여자고등학교,1,16,2,7,4,17
전라북도 무주군,무주고등학교,4,88,4,95,4,102
전라북도 무주군,무풍고등학교,1,5,1,4,1,5
전라북도 정읍시,배영고등학교,5,110,5,118,5,131
전라북도 부안군,백산고등학교,3,64,3,61,3,69
전라북도 장수군,백화여자고등학교,3,31,3,22,3,37
전라북도 부안군,부안고등학교,6,124,6,142,6,144
전라북도 부안군,부안제일고등학교,2,23,3,26,3,59
전라북도 부안군,부안여자고등학교,4,87,4,91,7,147
전라북도 부안군,서림고등학교,5,51,5,52,3,11
전라북도 장수군,산서고등학교,1,5,1,5,1,12
전라북도 완주군,삼례공업고등학교,9,89,9,107,9,201
전라북도 전주시 완산구,상산고등학교,12,366,12,361,12,370
전라북도 정읍시,서영여자고등학교,6,133,6,142,6,152
전라북도 무주군,설천고등학교,2,21,2,20,2,39
전라북도 남원시,성원고등학교,5,95,5,104,5,134
전라북도 익산시,성일고등학교,3,66,3,40,3,73
전라북도 완주군,세인고등학교,3,62,3,62,3,59
전라북도 전주시 덕진구,전주솔내고등학교,10,303,10,294,10,330
전라북도 순창군,순창고등학교,5,107,5,115,5,113
전라북도 순창군,순창제일고등학교,4,87,4,87,4,94
전라북도 정읍시,신태인고등학교,2,32,3,39,3,44
전라북도 무주군,안성고등학교,2,30,2,28,2,34
전라북도 진안군,안천고등학교,1,3,1,3,1,6
전라북도 익산시,여산고등학교,1,14,1,11,2,15
전라북도 고창군,영선고등학교,4,37,4,61,4,71
전라북도 임실군,오수고등학교,2,10,2,10,2,19
전라북도 전주시 완산구,전주대학교사범대학부설고등학교,8,250,8,221,8,265
전라북도 전주시 완산구,완산고등학교,8,209,8,205,8,220
전라북도 전주시 완산구,완산여자고등학교,7,104,8,107,8,147
전라북도 완주군,완주고등학교,7,155,7,87,7,163
전라북도 정읍시,왕신여자고등학교,1,9,1,11,1,16
전라북도 전주시 덕진구,우석고등학교,10,268,10,292,10,316
전라북도 전주시 덕진구,전북여자고등학교,10,266,10,242,10,309
전라북도 익산시,원광고등학교,10,327,10,316,10,344
전라북도 익산시,원광여자고등학교,8,211,8,196,8,205
전라북도 익산시,원광정보예술고등학교,7,152,7,150,7,162
전라북도 부안군,위도고등학교,1,2,1,2,1,3
전라북도 전주시 덕진구,유일여자고등학교,10,269,10,241,10,293
전라북도 익산시,이리고등학교,10,333,10,324,10,350
전라북도 익산시,이리공업고등학교,14,247,14,326,14,363
전라북도 익산시,이리남성여자고등학교,8,207,8,206,8,210
전라북도 익산시,이리여자고등학교,8,214,8,208,8,214
전라북도 익산시,이일여자고등학교,8,212,8,204,8,208
전라북도 익산시,익산고등학교,6,131,6,135,6,135
전라북도 정읍시,인상고등학교,2,28,2,17,2,42
전라북도 남원시,인월고등학교,1,17,1,18,1,22
전라북도 임실군,임실고등학교,3,67,3,66,3,72
전라북도 임실군,한국치즈과학고등학교,2,43,2,38,2,49
전라북도 장수군,장계공업고등학교,2,15,2,31,2,25
전라북도 장수군,장수고등학교,3,67,3,69,3,76
전라북도 전주시 덕진구,전라고등학교,10,296,10,310,10,318
전라북도 익산시,전북과학고등학교,3,61,3,64,3,35
전라북도 익산시,전북제일고등학교,8,233,8,231,8,241
전라북도 완주군,전북체육고등학교,3,79,3,86,3,72
전라북도 전주시 완산구,전일고등학교,10,259,10,261,10,270
전라북도 전주시 완산구,전주고등학교,12,357,12,367,12,380
전라북도 전주시 덕진구,전주공업고등학교,13,291,13,309,13,342
전라북도 전주시 완산구,전주근영여자고등학교,10,295,10,291,10,328
전라북도 전주시 완산구,전주기전여자고등학교,9,250,9,250,9,300
전라북도 전주시 덕진구,전주생명과학고등학교,10,222,10,236,10,259
전라북도 전주시 완산구,전주성심여자고등학교,10,274,10,271,10,324
전라북도 전주시 완산구,전주신흥고등학교,10,292,10,304,10,311
전라북도 전주시 덕진구,전주여자고등학교,10,288,10,257,10,295
전라북도 전주시 완산구,전주상업정보고등학교,8,177,8,184,8,216
전라북도 전주시 완산구,전주영생고등학교,10,270,10,257,10,280
전라북도 완주군,전주예술고등학교,7,146,7,179,7,198
전라북도 전주시 덕진구,전주중앙여자고등학교,10,263,10,243,10,296
전라북도 전주시 완산구,전주한일고등학교,10,280,10,275,10,301
전라북도 전주시 완산구,전주해성고등학교,8,208,8,209,8,221
전라북도 정읍시,정읍고등학교,4,81,4,97,4,108
전라북도 정읍시,정읍제일고등학교,3,48,3,69,3,65
전라북도 정읍시,정읍여자고등학교,6,132,6,142,6,147
전라북도 정읍시,정주고등학교,6,133,6,143,6,153
전라북도 부안군,줄포자동차공업고등학교,2,43,2,44,2,45
전라북도 익산시,진경여자고등학교,6,105,6,95,6,143
전라북도 진안군,진안공업고등학교,4,86,3,42,3,71
전라북도 진안군,진안제일고등학교,2,45,2,48,2,49
전라북도 정읍시,칠보고등학교,1,2,1,6,1,7
전라북도 정읍시,태인고등학교,2,42,2,46,2,45
전라북도 무주군,푸른꿈고등학교,2,40,2,38,2,37
전라북도 정읍시,학산고등학교,6,135,6,117,6,144
전라북도 전주시 완산구,한국전통문화고등학교,4,82,4,71,4,78
전라북도 남원시,한국경마축산고등학교,2,38,2,32,2,39
전라북도 완주군,한별고등학교,5,94,5,106,5,123
전라북도 익산시,함열고등학교,2,10,4,3,4,27
전라북도 익산시,함열여자고등학교,7,136,7,111,7,168
전라북도 고창군,해리고등학교,1,5,1,6,1,10
전라북도 정읍시,호남고등학교,6,133,6,146,6,153
전라북도 전주시 완산구,호남제일고등학교,10,278,10,278,10,308
전라북도 전주시 완산구,전주제일고등학교,10,283,10,278,10,296
전라북도 장수군,한국마사고등학교,2,12,2,20,2,28
전라북도 완주군,한국게임과학고등학교,4,66,4,60,4,45
전라북도 군산시,전북외국어고등학교,8,165,8,152,8,153
전라북도 김제시,지평선고등학교,2,40,2,34,2,33
전라북도 진안군,한국한방고등학교,2,52,2,46,2,45
전라북도 전주시 덕진구,양현고등학교,10,288,10,309,10,293
전라북도 전주시 완산구,전주고등학교부설방송통신고등학교,1,37,2,44,1,30
전라북도 전주시 덕진구,전주여자고등학교부설방송통신고등학교,3,93,2,66,2,63
전라남도 강진군,강진고등학교,6,130,6,133,6,146
전라남도 강진군,전남생명과학고등학교,5,61,5,91,5,90
전라남도 완도군,고금고등학교,1,21,1,11,1,16
전라남도 고흥군,고흥고등학교,6,133,6,142,6,144
전라남도 고흥군,녹동고등학교,4,73,4,97,4,90
전라남도 고흥군,고흥도화고등학교,2,25,2,27,2,33
전라남도 고흥군,고흥산업과학고등학교,5,101,5,102,5,85
전라남도 고흥군,고흥영주고등학교,1,20,1,11,1,14
전라남도 곡성군,전남조리과학고등학교,3,63,3,63,3,74
전라남도 나주시,광남고등학교,2,20,2,15,2,30
전라남도 광양시,광양고등학교,8,193,8,172,8,193
전라남도 광양시,광양하이텍고등학교,7,120,7,132,7,167
전라남도 광양시,광양여자고등학교,8,175,8,183,8,206
전라남도 광양시,광양제철고등학교,10,281,10,291,11,324
전라남도 구례군,구례고등학교,4,78,4,92,4,103
전라남도 영암군,구림공업고등학교,3,42,3,47,3,54
전라남도 나주시,금성고등학교,6,146,6,147,6,160
전라남도 나주시,나주고등학교,6,147,6,146,6,164
전라남도 나주시,나주공업고등학교,6,142,6,138,6,142
전라남도 나주시,나주상업고등학교,4,60,4,62,4,57
전라남도 완도군,노화고등학교,2,32,2,35,2,16
전라남도 화순군,능주고등학교,6,177,6,168,6,193
전라남도 담양군,담양고등학교,4,86,4,98,4,100
전라남도 담양군,담양공업고등학교,6,66,6,93,6,121
전라남도 장흥군,한국말산업고등학교,2,12,2,17,2,24
전라남도 신안군,도초고등학교,3,65,3,68,3,68
전라남도 광양시,광양백운고등학교,7,182,7,208,7,208
전라남도 목포시,목포고등학교,7,177,7,165,7,177
전라남도 목포시,목포공업고등학교,11,261,11,209,11,262
전라남도 목포시,목포덕인고등학교,7,176,7,163,8,199
전라남도 목포시,목포마리아회고등학교,7,177,7,164,8,194
전라남도 목포시,목포성신고등학교,4,54,4,30,4,55
전라남도 목포시,목포중앙고등학교,6,87,6,118,6,134
전라남도 목포시,목포여자고등학교,7,176,7,164,7,187
전라남도 목포시,목포여자상업고등학교,11,210,11,203,11,245
전라남도 목포시,목포정명여자고등학교,8,200,8,194,8,215
전라남도 목포시,목포제일여자고등학교,7,175,7,170,7,194
전라남도 목포시,목포혜인여자고등학교,7,168,7,163,8,198
전라남도 목포시,목포홍일고등학교,8,202,8,189,8,201
전라남도 무안군,무안고등학교,7,172,7,162,7,177
전라남도 목포시,문태고등학교,7,179,7,169,8,204
전라남도 무안군,백제고등학교,5,125,5,127,5,128
전라남도 보성군,벌교고등학교,5,110,5,116,5,126
전라남도 보성군,벌교상업고등학교,4,64,4,43,4,48
전라남도 보성군,벌교여자고등학교,1,0,1,20,1,24
전라남도 영광군,법성고등학교,3,43,5,50,5,62
전라남도 강진군,병영상업고등학교,1,22,1,20,1,26
전라남도 보성군,보성고등학교,4,70,4,61,5,103
전라남도 보성군,다향고등학교,2,39,2,24,2,30
전라남도 나주시,봉황고등학교,7,145,6,116,5,113
전라남도 여수시,부영여자고등학교,9,242,9,234,9,259
전라남도 장성군,삼계고등학교,2,43,2,44,2,41
전라남도 진도군,진도국악고등학교,2,21,2,18,2,33
전라남도 강진군,성전고등학교,1,18,1,14,1,24
전라남도 해남군,송지고등학교,2,22,3,30,3,41
전라남도 순천시,순천강남여자고등학교,9,207,9,191,9,236
전라남도 순천시,순천고등학교,10,250,10,244,11,298
전라남도 순천시,순천공업고등학교,12,287,12,284,12,293
전라남도 순천시,순천금당고등학교,10,242,10,253,11,295
전라남도 순천시,순천매산고등학교,10,246,10,243,11,291
전라남도 순천시,순천매산여자고등학교,9,213,9,204,9,234
전라남도 순천시,순천여자고등학교,10,249,10,228,11,295
전라남도 순천시,순천전자고등학교,6,91,6,107,6,123
전라남도 순천시,순천제일고등학교,8,195,8,193,8,211
전라남도 순천시,순천청암고등학교,11,261,11,243,11,270
전라남도 순천시,순천효산고등학교,9,213,9,211,9,201
전라남도 순천시,순천효천고등학교,10,244,10,225,11,302
전라남도 영암군,영암전자과학고등학교,2,27,2,19,2,32
전라남도 신안군,안좌고등학교,2,13,2,17,2,23
전라남도 신안군,신안해양과학고등학교,2,44,2,44,2,47
전라남도 완도군,약산고등학교,1,18,1,9,1,22
전라남도 여수시,여남고등학교,1,19,1,22,1,23
전라남도 여수시,여수고등학교,8,215,8,215,8,250
전라남도 여수시,여수공업고등학교,12,284,12,272,12,290
전라남도 여수시,여수여자고등학교,8,217,8,210,8,236
전라남도 여수시,여수석유화학고등학교,5,97,5,98,5,100
전라남도 여수시,여수정보과학고등학교,12,255,12,280,12,297
전라남도 여수시,여수중앙여자고등학교,8,212,8,205,9,268
전라남도 여수시,여수화양고등학교,5,101,5,81,5,114
전라남도 여수시,여양고등학교,6,134,6,124,6,149
전라남도 여수시,여천고등학교,8,213,8,220,9,274
전라남도 여수시,여수해양과학고등학교,3,50,3,44,3,60
전라남도 영광군,영광고등학교,5,108,5,117,5,128
전라남도 영광군,영광공업고등학교,5,87,5,90,5,93
전라남도 영광군,영광전자고등학교,1,6,1,20,1,18
전라남도 영광군,영산성지고등학교,2,13,2,22,2,21
전라남도 나주시,영산고등학교,4,100,4,75,4,108
전라남도 나주시,전남미용고등학교,4,96,4,89,4,87
전라남도 영암군,영암고등학교,4,88,4,78,4,85
전라남도 영암군,영암낭주고등학교,2,42,2,31,2,44
전라남도 영암군,영암여자고등학교,5,86,5,99,5,112
전라남도 목포시,영흥고등학교,7,173,7,163,8,205
전라남도 보성군,예당고등학교,3,53,3,60,3,70
전라남도 곡성군,옥과고등학교,4,85,4,73,4,72
전라남도 완도군,완도고등학교,6,136,7,163,7,179
전라남도 완도군,완도금일고등학교,1,13,1,9,1,11
전라남도 완도군,완도수산고등학교,4,80,4,75,4,77
전라남도 신안군,임자고등학교,2,14,2,11,2,15
전라남도 장성군,장성고등학교,6,163,6,152,7,192
전라남도 장성군,문향고등학교,4,86,4,91,4,108
전라남도 장성군,장성하이텍고등학교,5,72,5,72,5,89
전라남도 장흥군,장흥고등학교,6,133,6,125,6,156
전라남도 장흥군,장흥관산고등학교,2,25,2,30,2,35
전라남도 장흥군,정남진산업고등학교,4,52,4,66,6,75
전라남도 나주시,전남과학고등학교,4,87,4,88,4,55
전라남도 무안군,전남예술고등학교,5,163,5,154,5,161
전라남도 나주시,전남외국어고등학교,5,126,5,121,5,117
전라남도 목포시,목상고등학교,7,175,7,162,7,170
전라남도 진도군,조도고등학교,1,8,1,16,1,15
전라남도 순천시,한국바둑고등학교,2,35,2,30,2,33
전라남도 신안군,지명고등학교,1,12,1,15,1,15
전라남도 진도군,진도고등학교,5,99,5,109,5,135
전라남도 진도군,진도실업고등학교,4,57,4,71,4,66
전라남도 광양시,한국항만물류고등학교,5,100,5,96,5,95
전라남도 여수시,진성여자고등학교,8,150,8,144,8,191
전라남도 담양군,창평고등학교,9,207,9,205,9,227
전라남도 신안군,하의고등학교,1,6,1,5,1,10
전라남도 함평군,함평학다리고등학교,6,137,6,129,7,169
전라남도 담양군,한빛고등학교,3,65,3,69,3,65
전라남도 여수시,한영고등학교,9,233,9,247,9,275
전라남도 함평군,함평고등학교,4,91,4,79,4,103
전라남도 함평군,함평골프고등학교,2,33,2,24,2,23
전라남도 함평군,전남보건고등학교,3,64,3,69,3,63
전라남도 해남군,해남고등학교,9,201,9,217,9,220
전라남도 해남군,해남공업고등학교,10,119,10,131,10,196
전라남도 영광군,해룡고등학교,8,181,8,185,8,215
전라남도 나주시,호남원예고등학교,5,82,5,54,5,54
전라남도 화순군,화순고등학교,9,231,9,255,9,284
전라남도 화순군,전남기술과학고등학교,8,123,8,127,8,141
전라남도 화순군,화순이양고등학교,2,30,2,37,2,41
전라남도 해남군,화원고등학교,2,43,2,45,2,49
전라남도 구례군,전남자연과학고등학교,4,55,4,44,4,56
전라남도 곡성군,곡성고등학교,5,95,5,109,5,123
전라남도 무안군,전남체육고등학교,2,60,2,52,2,64
전라남도 여수시,여수충무고등학교,8,207,8,208,8,238
전라남도 무안군,남악고등학교,8,223,8,222,8,214
전라남도 광양시,중마고등학교,7,189,7,202,7,207
전라남도 순천시,순천팔마고등학교,8,199,8,192,8,214
전라남도 광양시,광영고등학교,7,181,7,192,7,203
전라남도 영암군,삼호고등학교,6,133,6,138,6,144
전라남도 순천시,순천복성고등학교,8,198,8,198,8,223
전라남도 곡성군,한울고등학교,3,23,3,22,3,28
전라남도 목포시,목포고등학교부설방송통신고등학교,2,58,2,33,2,50
전라남도 순천시,순천고등학교부설방송통신고등학교,4,84,3,67,3,72
경상북도 구미시,구미전자공업고등학교,14,280,14,273,14,267
경상북도 문경시,가은고등학교,1,19,1,20,1,18
경상북도 예천군,경북일고등학교,9,174,9,143,2,41
경상북도 경주시,감포고등학교,1,0,1,0,1,12
경상북도 영덕군,강구정보고등학교,2,18,2,13,2,13
경상북도 구미시,경구고등학교,10,282,10,272,10,259
경상북도 포항시 북구,경북과학고등학교,2,40,2,39,2,24
경상북도 구미시,경북생활과학고등학교,5,125,5,110,5,121
경상북도 구미시,경북외국어고등학교,5,122,5,114,5,118
경상북도 봉화군,한국펫고등학교,2,49,2,26,2,40
경상북도 경산시,경북체육고등학교,3,78,3,65,3,75
경상북도 경산시,경산고등학교,10,252,10,246,10,307
경상북도 경산시,경산여자고등학교,12,310,12,301,12,358
경상북도 경산시,경산여자상업고등학교,5,126,5,118,5,133
경상북도 경산시,경북기계금속고등학교,6,153,6,145,6,161
경상북도 안동시,경안고등학교,6,124,6,126,6,148
경상북도 안동시,경안여자고등학교,5,111,6,126,6,147
경상북도 안동시,경일고등학교,6,129,6,109,6,150
경상북도 경주시,경주고등학교,9,203,9,212,9,229
경상북도 경주시,경주공업고등학교,8,95,8,72,8,120
경상북도 경주시,경주디자인고등학교,3,46,3,50,3,59
경상북도 경주시,경주여자고등학교,9,198,9,195,9,218
경상북도 경주시,경주여자정보고등학교,8,189,8,163,8,189
경상북도 경주시,경주정보고등학교,9,169,9,206,9,219
경상북도 경주시,경주화랑고등학교,2,24,2,16,2,26
경상북도 경주시,계림고등학교,5,110,5,113,5,119
경상북도 고령군,고령고등학교,2,44,2,43,2,52
경상북도 포항시 남구,포항과학기술고등학교,2,38,2,33,3,39
경상북도 구미시,구미고등학교,10,279,10,277,12,398
경상북도 구미시,구미여자고등학교,10,282,10,263,12,306
경상북도 구미시,구미정보고등학교,6,139,6,123,6,154
경상북도 구미시,구미여자상업고등학교,7,171,7,166,7,170
경상북도 군위군,군위고등학교,4,89,4,97,4,96
경상북도 경주시,근화여자고등학교,8,176,8,177,8,191
경상북도 의성군,금성고등학교,1,15,1,13,1,18
경상북도 구미시,금오고등학교,10,276,10,241,10,304
경상북도 구미시,금오공업고등학교,10,201,10,197,10,198
경상북도 구미시,금오여자고등학교,10,281,10,276,10,299
경상북도 청도군,금천고등학교,1,17,1,15,2,13
경상북도 영천시,금호공업고등학교,3,64,3,71,3,73
경상북도 영천시,포은고등학교,1,22,1,12,1,16
경상북도 포항시 북구,경북세무고등학교,2,34,2,10,2,13
경상북도 안동시,길원여자고등학교,6,132,7,139,7,161
경상북도 김천시,김천고등학교,8,244,8,231,8,232
경상북도 김천시,김천생명과학고등학교,6,132,6,145,6,152
경상북도 김천시,김천여자고등학교,6,131,6,105,7,164
경상북도 김천시,김천예술고등학교,3,113,3,101,3,101
경상북도 김천시,김천중앙고등학교,6,125,7,148,7,151
경상북도 고령군,대가야고등학교,5,109,5,90,5,106
경상북도 경산시,대구가톨릭대학교사범대학부속무학고등학교,8,205,8,197,8,249
경상북도 포항시 북구,대동고등학교,9,204,9,190,10,234
경상북도 영주시,대영고등학교,4,89,4,87,4,104
경상북도 예천군,대창고등학교,4,74,5,72,5,102
경상북도 구미시,도개고등학교,5,142,5,130,5,127
경상북도 칠곡군,동명고등학교,1,24,1,24,1,25
경상북도 영주시,영주동산고등학교,5,117,5,98,5,112
경상북도 포항시 북구,동지고등학교,9,207,9,202,10,240
경상북도 포항시 북구,동지여자고등학교,9,208,9,189,10,233
경상북도 성주군,명인정보고등학교,3,72,3,56,3,42
경상북도 청도군,모계고등학교,5,113,5,114,5,108
경상북도 경주시,무산고등학교,1,19,2,20,2,14
경상북도 문경시,문경공업고등학교,5,79,6,79,6,98
경상북도 문경시,문경여자고등학교,6,131,7,148,7,158
경상북도 경산시,문명고등학교,6,152,6,148,6,179
경상북도 문경시,문창고등학교,6,134,7,130,7,171
경상북도 경주시,문화고등학교,9,198,9,205,9,223
경상북도 의성군,봉양정보고등학교,1,14,1,15,1,14
경상북도 봉화군,봉화고등학교,4,88,4,91,4,98
경상북도 경주시,삼성생활예술고등학교,3,71,3,67,3,69
경상북도 상주시,상산전자고등학교,5,86,5,46,5,95
경상북도 상주시,상주고등학교,6,131,6,136,6,149
경상북도 상주시,상주공업고등학교,8,192,8,199,8,218
경상북도 상주시,상주여자고등학교,6,131,6,117,6,143
경상북도 상주시,우석여자고등학교,6,132,6,122,6,143
경상북도 상주시,상지여자상업고등학교,5,84,5,89,5,90
경상북도 경주시,선덕여자고등학교,8,179,8,176,8,196
경상북도 구미시,선산고등학교,4,114,5,88,6,116
경상북도 영주시,선영여자고등학교,4,97,4,66,4,98
경상북도 영천시,선화여자고등학교,5,114,5,114,5,122
경상북도 김천시,성의고등학교,5,112,5,113,5,119
경상북도 김천시,성의여자고등학교,5,111,5,112,5,128
경상북도 성주군,성주고등학교,4,90,4,89,4,95
경상북도 안동시,성창여자고등학교,3,68,4,33,4,82
경상북도 안동시,성희여자고등학교,5,111,6,116,6,144
경상북도 포항시 남구,세명고등학교,9,207,9,194,10,242
경상북도 포항시 북구,세화고등학교,4,85,4,78,4,82
경상북도 영양군,수비고등학교,1,14,1,9,1,17
경상북도 칠곡군,순심고등학교,8,193,8,193,8,233
경상북도 칠곡군,순심여자고등학교,6,148,6,145,6,176
경상북도 경주시,신라고등학교,7,154,8,105,8,148
경상북도 경주시,신라공업고등학교,9,212,9,213,9,231
경상북도 김천시,경북과학기술고등학교,5,92,5,108,5,116
경상북도 경주시,안강여자고등학교,5,111,5,106,5,114
경상북도 경주시,안강전자고등학교,3,49,3,26,3,25
경상북도 안동시,안동고등학교,6,130,6,140,6,143
경상북도 안동시,경북하이텍고등학교,6,140,6,145,6,148
경상북도 안동시,한국생명과학고등학교,6,120,6,123,6,139
경상북도 안동시,안동여자고등학교,6,133,7,144,7,158
경상북도 안동시,안동중앙고등학교,6,131,6,129,6,144
경상북도 칠곡군,약목고등학교,4,96,4,87,4,102
경상북도 영주시,영광고등학교,6,133,6,140,6,148
경상북도 영주시,영광여자고등학교,7,155,7,159,7,177
경상북도 경산시,영남삼육고등학교,2,51,2,52,2,58
경상북도 영덕군,영덕여자고등학교,3,57,3,55,3,57
경상북도 영덕군,영덕고등학교,3,66,3,59,3,58
경상북도 영천시,영동고등학교,6,133,6,138,6,144
경상북도 안동시,영문고등학교,4,74,4,52,4,78
경상북도 영양군,영양고등학교,2,32,2,38,3,36
경상북도 영양군,영양여자고등학교,3,67,3,55,3,59
경상북도 포항시 남구,영일고등학교,7,165,7,160,8,229
경상북도 영주시,영주고등학교,6,98,6,94,6,132
경상북도 영주시,경북항공고등학교,4,100,4,101,4,109
경상북도 영주시,영주여자고등학교,6,135,6,136,6,150
경상북도 영주시,영주제일고등학교,7,155,7,162,7,167
경상북도 영천시,영천고등학교,5,111,5,110,5,122
경상북도 영천시,영천전자고등학교,3,72,3,55,3,71
경상북도 영천시,영천여자고등학교,5,91,6,85,6,117
경상북도 영천시,영천성남여자고등학교,4,90,4,82,4,94
경상북도 영덕군,영해고등학교,3,62,3,59,3,67
경상북도 예천군,예천여자고등학교,5,105,5,77,5,116
경상북도 구미시,오상고등학교,10,284,10,280,10,302
경상북도 포항시 남구,오천고등학교,8,184,8,183,8,220
경상북도 상주시,용운고등학교,4,70,4,38,4,59
경상북도 울릉군,울릉고등학교,3,22,3,21,3,31
경상북도 울진군,울진고등학교,6,133,6,134,6,146
경상북도 포항시 북구,유성여자고등학교,9,208,9,190,10,238
경상북도 의성군,의성고등학교,3,58,3,66,3,43
경상북도 의성군,의성공업고등학교,3,53,3,33,3,41
경상북도 의성군,의성여자고등학교,3,62,3,47,3,59
경상북도 청도군,이서고등학교,6,134,6,139,6,146
경상북도 문경시,점촌고등학교,5,107,6,136,6,135
경상북도 울진군,죽변고등학교,5,92,5,108,5,122
경상북도 포항시 북구,경북간호고등학교,2,30,2,25,2,30
경상북도 상주시,중모종합고등학교,1,0,1,14,1,14
경상북도 경산시,진량고등학교,7,176,7,176,7,215
경상북도 청송군,진보고등학교,1,23,1,17,2,31
경상북도 청도군,청도고등학교,4,91,4,96,4,101
경상북도 청도군,경북드론고등학교,4,92,4,47,4,31
경상북도 청송군,청송고등학교,1,20,1,17,1,21
경상북도 청송군,청송자동차고등학교,1,11,1,16,1,12
경상북도 청송군,청송여자종합고등학교,2,17,2,28,2,30
경상북도 봉화군,한국산림과학고등학교,2,48,2,48,2,49
경상북도 칠곡군,칠곡고등학교,3,75,3,71,1,20
경상북도 경주시,효청보건고등학교,4,96,4,89,4,96
경상북도 울진군,한국원자력마이스터고등학교,4,80,4,78,4,76
경상북도 울진군,평해정보고등학교,2,29,2,23,2,19
경상북도 포항시 북구,포항고등학교,9,207,9,196,10,235
경상북도 포항시 북구,포항여자고등학교,9,207,9,203,10,244
경상북도 포항시 북구,포항여자전자고등학교,9,137,9,156,10,180
경상북도 포항시 북구,포항영신고등학교,7,159,7,145,8,183
경상북도 포항시 북구,포항예술고등학교,4,151,4,152,4,161
경상북도 포항시 남구,포항동성고등학교,7,162,7,155,7,184
경상북도 포항시 남구,포항제철고등학교,12,364,12,370,13,391
경상북도 포항시 남구,포항제철공업고등학교,9,182,9,172,9,175
경상북도 포항시 북구,포항중앙고등학교,9,207,9,196,10,234
경상북도 포항시 북구,포항중앙여자고등학교,9,204,9,192,10,223
경상북도 안동시,풍산고등학교,4,91,4,89,4,94
경상북도 경산시,하양여자고등학교,7,172,7,176,7,211
경상북도 김천시,한일여자고등학교,7,126,7,140,7,155
경상북도 상주시,함창고등학교,4,90,4,90,4,90
경상북도 청송군,현서고등학교,1,20,1,19,1,26
경상북도 구미시,현일고등학교,10,283,10,280,10,313
경상북도 상주시,화령고등학교,1,22,1,14,1,15
경상북도 군위군,효령고등학교,1,0,1,14,1,17
경상북도 울진군,후포고등학교,4,59,4,84,4,84
경상북도 포항시 북구,포항흥해공업고등학교,11,267,11,264,11,280
경상북도 영천시,경북식품과학마이스터고등학교,3,59,3,57,2,19
경상북도 포항시 북구,포항해양과학고등학교,7,87,7,74,7,117
경상북도 의성군,안계고등학교,2,32,2,31,2,33
경상북도 문경시,경북조리과학고등학교,3,70,3,56,3,60
경상북도 성주군,성주여자고등학교,5,107,6,104,6,118
경상북도 구미시,인동고등학교,10,279,10,271,10,333
경상북도 포항시 남구,포항이동고등학교,9,210,9,191,10,226
경상북도 포항시 북구,두호고등학교,9,208,9,196,10,246
경상북도 포항시 북구,포항장성고등학교,9,205,9,193,10,238
경상북도 구미시,상모고등학교,10,280,10,260,10,321
경상북도 구미시,사곡고등학교,10,282,10,276,10,311
경상북도 구미시,선주고등학교,10,274,10,267,10,297
경상북도 경산시,경산과학고등학교,3,60,3,58,3,34
경상북도 구미시,형곡고등학교,10,280,10,283,10,327
경상북도 칠곡군,북삼고등학교,8,192,8,192,8,229
경상북도 경산시,사동고등학교,10,255,10,248,10,290
경상북도 칠곡군,석적고등학교,8,191,8,191,8,229
경상북도 김천시,율곡고등학교,7,138,7,147,7,139
경상북도 구미시,구미고등학교부설방송통신고등학교,3,67,3,79,3,100
경상북도 김천시,김천중앙고등학교부설방송통신고등학교,2,20,3,35,3,44
경상북도 안동시,안동고등학교부설방송통신고등학교,1,24,1,28,1,25
경상북도 포항시 북구,포항고등학교부설방송통신고등학교,3,53,3,69,3,68
경상남도 진주시,경상대학교사범대학부설고등학교,6,144,6,148,6,162
경상남도 거창군,거창공업고등학교,2,21,2,28,2,18
경상남도 거제시,거제고등학교,9,277,9,268,9,310
경상남도 거제시,거제공업고등학교,8,160,8,161,8,145
경상남도 거제시,거제여자상업고등학교,4,45,5,58,3,51
경상남도 거제시,거제제일고등학교,8,214,8,237,7,194
경상남도 거제시,경남산업고등학교,8,170,9,194,9,234
경상남도 거제시,거제중앙고등학교,11,342,11,338,11,401
경상남도 거창군,거창고등학교,4,98,4,95,4,99
경상남도 거창군,거창대성고등학교,7,162,7,153,7,169
경상남도 거창군,대성일고등학교,5,110,5,105,5,118
경상남도 거창군,아림고등학교,3,48,4,74,3,60
경상남도 거창군,거창여자고등학교,5,100,5,112,5,119
경상남도 거창군,거창중앙고등학교,7,161,7,161,7,168
경상남도 진주시,경남과학고등학교,5,101,5,102,4,63
경상남도 진주시,경남예술고등학교,4,90,4,83,4,84
경상남도 양산시,경남외국어고등학교,8,200,8,199,8,202
경상남도 사천시,경남자영고등학교,4,84,4,82,3,75
경상남도 진주시,경남정보고등학교,6,97,5,85,6,106
경상남도 진주시,경남체육고등학교,3,80,3,86,3,82
경상남도 고성군,경남항공고등학교,8,177,7,146,6,142
경상남도 창원시 의창구,경상고등학교,8,172,8,179,8,217
경상남도 진주시,경해여자고등학교,11,256,11,268,11,305
경상남도 고성군,고성고등학교,6,129,6,123,6,146
경상남도 고성군,고성중앙고등학교,6,126,5,107,6,145
경상남도 사천시,곤양고등학교,1,10,1,13,1,14
경상남도 함안군,군북고등학교,2,43,2,39,2,44
경상남도 하동군,금남고등학교,3,54,3,48,3,56
경상남도 김해시,김해가야고등학교,9,251,9,235,9,269
경상남도 김해시,김해건설공업고등학교,12,265,14,307,13,313
경상남도 김해시,김해경원고등학교,9,228,9,228,9,267
경상남도 김해시,김해고등학교,9,216,9,226,9,269
경상남도 김해시,김해생명과학고등학교,8,180,7,114,7,174
경상남도 김해시,김해여자고등학교,9,249,9,230,9,267
경상남도 김해시,김해중앙여자고등학교,5,128,6,145,6,167
경상남도 김해시,김해한일여자고등학교,8,180,8,173,8,199
경상남도 창녕군,남지고등학교,5,115,5,101,5,109
경상남도 남해군,남해고등학교,5,96,4,92,5,112
경상남도 남해군,경남해양과학고등학교,2,26,2,27,2,36
경상남도 남해군,남해정보산업고등학교,2,7,2,15,3,32
경상남도 남해군,남해제일고등학교,6,137,6,127,6,141
경상남도 남해군,남해해성고등학교,4,97,4,83,4,90
경상남도 산청군,단성고등학교,2,38,2,40,3,58
경상남도 진주시,대곡고등학교,2,35,2,27,1,18
경상남도 진주시,경남자동차고등학교,7,140,7,150,7,147
경상남도 진주시,대아고등학교,11,262,11,273,11,318
경상남도 산청군,덕산고등학교,1,13,1,18,1,20
경상남도 창원시 마산합포구,마산가포고등학교,7,156,7,150,7,165
경상남도 창원시 마산합포구,마산고등학교,8,189,8,179,9,218
경상남도 창원시 마산회원구,마산공업고등학교,10,223,10,219,10,228
경상남도 창원시 마산회원구,마산구암고등학교,7,162,7,157,8,198
경상남도 창원시 마산회원구,마산무학여자고등학교,8,182,8,185,9,219
경상남도 창원시 마산합포구,마산삼진고등학교,7,146,6,125,7,155
경상남도 창원시 마산합포구,마산여자고등학교,8,186,8,180,9,216
경상남도 창원시 마산합포구,마산용마고등학교,7,166,7,162,8,199
경상남도 창원시 마산회원구,마산제일고등학교,10,239,10,229,10,236
경상남도 창원시 마산합포구,마산제일여자고등학교,9,201,9,195,10,230
경상남도 창원시 마산합포구,마산중앙고등학교,7,158,7,162,8,185
경상남도 함안군,명덕고등학교,5,118,5,119,5,141
경상남도 진주시,명신고등학교,9,215,9,226,9,256
경상남도 밀양시,밀성고등학교,6,139,7,145,7,165
경상남도 밀양시,밀성제일고등학교,6,85,7,87,7,103
경상남도 밀양시,밀양고등학교,7,161,7,157,7,168
경상남도 밀양시,한국나노마이스터고등학교,5,101,2,17,2,12
경상남도 밀양시,밀양동명고등학교,3,58,2,44,3,61
경상남도 밀양시,밀양여자고등학교,5,100,5,93,6,138
경상남도 양산시,보광고등학교,5,97,7,119,7,151
경상남도 사천시,사천고등학교,7,190,7,181,7,178
경상남도 사천시,사천여자고등학교,4,67,4,64,4,71
경상남도 합천군,삼가고등학교,2,33,2,26,2,34
경상남도 밀양시,삼랑진고등학교,3,67,3,59,3,67
경상남도 사천시,삼천포고등학교,6,137,6,119,6,152
경상남도 사천시,삼천포공업고등학교,5,100,5,97,5,95
경상남도 사천시,삼천포여자고등학교,6,131,6,122,7,158
경상남도 사천시,삼천포중앙고등학교,5,115,5,110,5,126
경상남도 진주시,삼현여자고등학교,10,241,10,242,10,278
경상남도 함양군,서상고등학교,1,15,1,9,1,15
경상남도 진주시,진주중앙고등학교,8,190,8,200,8,230
경상남도 진주시,선명여자고등학교,11,239,11,198,11,231
경상남도 창원시 마산합포구,성지여자고등학교,8,182,8,181,9,217
경상남도 진주시,경진고등학교,7,118,7,105,7,115
경상남도 밀양시,세종고등학교,6,138,6,118,6,145
경상남도 산청군,경남간호고등학교,2,44,2,44,2,45
경상남도 산청군,신등고등학교,1,9,1,6,1,9
경상남도 의령군,신반정보고등학교,2,9,2,11,2,23
경상남도 함양군,안의고등학교,2,35,2,28,2,50
경상남도 합천군,야로고등학교,2,26,2,30,1,20
경상남도 양산시,양산고등학교,10,296,10,284,10,295
경상남도 양산시,양산제일고등학교,8,248,8,255,8,285
경상남도 양산시,양산여자고등학교,10,321,10,322,10,325
경상남도 창녕군,영산고등학교,3,57,4,85,4,89
경상남도 창녕군,창녕옥야고등학교,4,95,3,66,4,83
경상남도 하동군,옥종고등학교,1,12,1,12,1,12
경상남도 사천시,용남고등학교,4,113,4,103,4,109
경상남도 양산시,웅상고등학교,8,256,8,238,8,275
경상남도 합천군,원경고등학교,2,20,2,19,2,31
경상남도 의령군,의령고등학교,3,67,3,57,3,68
경상남도 의령군,의령여자고등학교,3,74,3,66,3,67
경상남도 김해시,장유고등학교,11,348,11,342,11,370
경상남도 하동군,진교고등학교,2,31,2,28,2,38
경상남도 진주시,진서고등학교,1,7,1,9,1,9
경상남도 진주시,진양고등학교,9,209,9,225,9,256
경상남도 김해시,진영고등학교,6,193,6,186,6,197
경상남도 김해시,진영제일고등학교,3,64,3,50,3,53
경상남도 진주시,진주고등학교,8,185,8,195,8,232
경상남도 진주시,진주기계공업고등학교,9,181,9,177,9,180
경상남도 진주시,진주동명고등학교,10,240,10,251,10,281
경상남도 진주시,진주여자고등학교,9,226,9,226,9,266
경상남도 진주시,진주외국어고등학교,3,52,3,45,3,51
경상남도 진주시,진주제일여자고등학교,10,238,10,244,10,286
경상남도 창원시 진해구,진해고등학교,9,272,9,219,9,283
경상남도 창원시 진해구,진해세화여자고등학교,7,208,7,166,7,209
경상남도 창원시 진해구,진해여자고등학교,9,275,8,202,8,247
경상남도 창원시 진해구,웅천고등학교,7,211,7,204,7,190
경상남도 창원시 진해구,진해중앙고등학교,7,209,7,195,7,236
경상남도 창녕군,창녕고등학교,2,49,2,45,2,44
경상남도 창녕군,창녕공업고등학교,4,77,4,73,4,82
경상남도 창녕군,창녕대성고등학교,2,47,2,39,2,43
경상남도 창녕군,창녕여자고등학교,5,100,5,64,5,99
경상남도 창녕군,창녕슈퍼텍고등학교,3,41,4,53,4,70
경상남도 남해군,창선고등학교,2,43,2,28,2,27
경상남도 창원시 마산회원구,창신고등학교,8,185,8,173,9,210
경상남도 창원시 성산구,창원경일고등학교,9,207,9,199,9,239
경상남도 창원시 의창구,창원고등학교,10,232,10,231,10,269
경상남도 창원시 의창구,창원공업고등학교,10,168,10,224,10,241
경상남도 창원시 성산구,창원기계공업고등학교,17,396,17,380,17,412
경상남도 창원시 성산구,창원남고등학교,10,222,10,221,10,269
경상남도 창원시 성산구,창원남산고등학교,9,214,9,206,9,248
경상남도 창원시 의창구,창원대산고등학교,7,163,7,159,7,169
경상남도 창원시 의창구,창원명지여자고등학교,9,215,9,206,9,238
경상남도 창원시 의창구,창원문성고등학교,10,228,10,232,10,271
경상남도 창원시 성산구,창원사파고등학교,9,208,9,211,9,241
경상남도 창원시 의창구,창원여자고등학교,9,207,9,194,9,242
경상남도 창원시 의창구,창원용호고등학교,9,210,9,208,9,238
경상남도 창원시 의창구,경남관광고등학교,10,223,10,224,10,233
경상남도 창원시 의창구,창원중앙고등학교,10,231,10,225,10,269
경상남도 창원시 성산구,창원중앙여자고등학교,9,186,9,199,9,233
경상남도 고성군,철성고등학교,4,92,4,95,4,103
경상남도 합천군,초계고등학교,3,37,3,37,3,45
경상남도 통영시,충렬여자고등학교,6,159,6,160,6,189
경상남도 통영시,충무고등학교,8,157,8,138,8,125
경상남도 함안군,칠원고등학교,5,119,5,118,5,124
경상남도 통영시,통영고등학교,10,270,10,272,10,317
경상남도 통영시,통영여자고등학교,9,246,10,267,10,302
경상남도 통영시,동원고등학교,10,271,10,268,10,309
경상남도 하동군,하동고등학교,4,71,3,67,4,91
경상남도 하동군,하동여자고등학교,3,55,3,50,3,73
경상남도 창원시 마산회원구,한일전산여자고등학교,11,237,11,238,11,239
경상남도 함안군,함안고등학교,6,136,6,129,6,146
경상남도 함안군,경남로봇고등학교,2,46,2,43,2,48
경상남도 함양군,함양고등학교,5,100,5,107,5,122
경상남도 함양군,함양제일고등학교,6,80,6,99,6,124
경상남도 합천군,합천고등학교,3,62,3,64,3,57
경상남도 합천군,합천여자고등학교,4,60,5,69,4,78
경상남도 창원시 마산합포구,합포고등학교,7,158,7,161,7,175
경상남도 거제시,해성고등학교,9,268,9,278,9,318
경상남도 양산시,효암고등학교,8,257,7,212,8,274
경상남도 산청군,간디고등학교,2,42,2,39,2,40
경상남도 창원시 의창구,창원봉림고등학교,9,195,9,198,9,239
경상남도 창원시 의창구,창원신월고등학교,9,205,9,210,9,242
경상남도 김해시,김해분성고등학교,9,250,9,237,9,267
경상남도 김해시,김해대청고등학교,11,353,11,335,11,370
경상남도 양산시,양산남부고등학교,10,325,10,316,10,360
경상남도 창원시 성산구,창원경일여자고등학교,8,179,8,172,8,209
경상남도 창원시 의창구,창원명곡고등학교,8,184,8,182,8,216
경상남도 창원시 마산회원구,마산내서여자고등학교,10,228,10,225,10,247
경상남도 김해시,김해분성여자고등학교,9,252,9,230,9,270
경상남도 김해시,김해삼문고등학교,11,360,11,338,11,367
경상남도 창원시 성산구,창원대암고등학교,8,182,8,191,8,210
경상남도 창원시 성산구,창원토월고등학교,8,178,8,183,8,220
경상남도 김해시,김해영운고등학교,8,202,8,208,8,238
경상남도 김해시,김해외국어고등학교,5,129,5,126,5,124
경상남도 양산시,물금고등학교,10,328,10,320,10,348
경상남도 산청군,지리산고등학교,1,21,1,17,1,15
경상남도 거제시,거제옥포고등학교,10,309,10,305,10,360
경상남도 양산시,서창고등학교,10,316,10,299,10,339
경상남도 김해시,김해삼방고등학교,8,222,8,208,8,239
경상남도 창원시 진해구,진해용원고등학교,7,209,7,196,7,237
경상남도 김해시,김해제일고등학교,8,183,8,197,8,227
경상남도 창원시 의창구,창원과학고등학교,4,82,4,80,3,52
경상남도 창원시 마산합포구,태봉고등학교,3,45,3,44,3,41
경상남도 거제시,연초고등학교,10,313,10,305,10,363
경상남도 김해시,김해율하고등학교,11,358,11,336,11,373
경상남도 양산시,범어고등학교,10,334,10,320,10,363
경상남도 거제시,거제상문고등학교,11,342,11,334,11,402
경상남도 김해시,김해임호고등학교,7,191,7,181,7,205
경상남도 김해시,구산고등학교,8,224,8,213,8,233
경상남도 창원시 의창구,창원성민여자고등학교,8,186,8,176,7,187
경상남도 김해시,김해수남고등학교,10,328,10,299,10,325
경상남도 산청군,산청고등학교,5,115,5,102,5,76
경상남도 창원시 마산합포구,마산고등학교부설방송통신고등학교,4,132,4,103,4,126
경상남도 진주시,진주고등학교부설방송통신고등학교,3,88,3,91,2,58
제주특별자치도 제주시,제주대학교사범대학부설고등학교,8,283,8,278,8,298
제주특별자치도 서귀포시,대정고등학교,4,98,4,90,5,113
제주특별자치도 서귀포시,대정여자고등학교,4,97,4,87,5,116
제주특별자치도 서귀포시,서귀포고등학교,7,194,7,200,7,222
제주특별자치도 서귀포시,서귀포여자고등학교,7,195,7,187,7,223
제주특별자치도 제주시,세화고등학교,7,174,8,199,8,209
제주특별자치도 제주시,제주제일고등학교,13,458,12,414,12,448
제주특별자치도 제주시,제주중앙여자고등학교,12,415,10,334,12,442
제주특별자치도 제주시,한림고등학교,7,173,7,155,7,184
제주특별자치도 제주시,남녕고등학교,12,429,12,411,12,454
제주특별자치도 서귀포시,남주고등학교,7,190,7,196,7,218
제주특별자치도 제주시,대기고등학교,11,384,10,340,10,371
제주특별자치도 서귀포시,삼성여자고등학교,7,195,7,195,7,204
제주특별자치도 제주시,신성여자고등학교,10,349,10,336,10,361
제주특별자치도 제주시,오현고등학교,11,397,10,341,11,412
제주특별자치도 제주시,제주여자고등학교,10,354,8,266,9,331
제주특별자치도 제주시,애월고등학교,6,133,6,124,6,141
제주특별자치도 제주시,제주여자상업고등학교,8,203,8,203,8,214
제주특별자치도 서귀포시,중문고등학교,5,114,5,116,6,152
제주특별자치도 서귀포시,표선고등학교,6,136,6,121,6,144
제주특별자치도 제주시,한림공업고등학교,10,228,10,233,10,258
제주특별자치도 제주시,함덕고등학교,6,141,6,125,6,139
제주특별자치도 제주시,한국뷰티고등학교,3,69,3,69,3,74
제주특별자치도 제주시,영주고등학교,8,211,8,218,8,230
제주특별자치도 제주시,제주중앙고등학교,10,260,10,266,10,287
제주특별자치도 제주시,제주과학고등학교,2,40,2,36,2,28
제주특별자치도 제주시,제주고등학교,11,279,11,279,11,305
제주특별자치도 서귀포시,서귀포산업과학고등학교,8,151,8,141,8,135
제주특별자치도 서귀포시,성산고등학교,4,76,5,91,5,103
제주특별자치도 제주시,제주외국어고등학교,4,99,4,95,4,92
제주특별자치도 제주시,제주제일고등학교부설방송통신고등학교,5,116,5,98,5,126
